run_id,strat,remove_frac,keep_frac,repeat_id,target,initial_mae_ms,adjusted_mae_ms,adjusted_accuracy_pct
freq_percent_rm0.65_r08,freq_percent,0.65,0.35,8,all targets,0.07188434326701788,0.011282387683649095,98.52794411177645
freq_percent_rm0.65_r08,freq_percent,0.65,0.35,8,target1,0.07104633983399322,0.010628336223727409,98.80239520958084
freq_percent_rm0.65_r08,freq_percent,0.65,0.35,8,target2,0.04492515965337086,0.008175643249021083,98.70259481037924
freq_percent_rm0.65_r08,freq_percent,0.65,0.35,8,target3,0.03764883716174209,0.00445572557071649,99.50099800399201
freq_percent_rm0.65_r08,freq_percent,0.65,0.35,8,target4,0.13391703641896535,0.0218698456911314,97.1057884231537
