run_id,strat,remove_frac,keep_frac,repeat_id,target,initial_mae_ms,adjusted_mae_ms,adjusted_accuracy_pct
freq_percent_rm0.85_r05,freq_percent,0.85,0.15000000000000002,5,all targets,0.0902026437929102,0.016541527427490543,98.1934731934732
freq_percent_rm0.85_r05,freq_percent,0.85,0.15000000000000002,5,target1,0.08344759002381953,0.01642218018775396,98.36829836829837
freq_percent_rm0.85_r05,freq_percent,0.85,0.15000000000000002,5,target2,0.06855305450469384,0.01537192447807202,98.36829836829837
freq_percent_rm0.85_r05,freq_percent,0.85,0.15000000000000002,5,target3,0.06444750945775536,0.009643256970715988,99.3006993006993
freq_percent_rm0.85_r05,freq_percent,0.85,0.15000000000000002,5,target4,0.14436242118537201,0.024728748073420206,96.73659673659674
