run_id,strat,remove_frac,keep_frac,repeat_id,target,initial_mae_ms,adjusted_mae_ms,adjusted_accuracy_pct
freq_percent_rm0.1_r09,freq_percent,0.1,0.9,9,all targets,0.057180249013445976,0.008757836610537521,98.91346526969345
freq_percent_rm0.1_r09,freq_percent,0.1,0.9,9,target1,0.05483581906779392,0.008296897841561863,99.10748932867676
freq_percent_rm0.1_r09,freq_percent,0.1,0.9,9,target2,0.03512671308400712,0.00626240948194516,99.22390376406675
freq_percent_rm0.1_r09,freq_percent,0.1,0.9,9,target3,0.02973849781908476,0.0017642828743551085,99.76717112922002
freq_percent_rm0.1_r09,freq_percent,0.1,0.9,9,target4,0.1090199660828981,0.018707756244287953,97.55529685681024
