run_id,strat,remove_frac,keep_frac,repeat_id,target,initial_mae_ms,adjusted_mae_ms,adjusted_accuracy_pct
freq_percent_rm0.1_r01,freq_percent,0.1,0.9,1,all targets,0.05754184753048723,0.008491604735353304,98.91346526969345
freq_percent_rm0.1_r01,freq_percent,0.1,0.9,1,target1,0.057029251830505674,0.009107514297346641,99.02987970508343
freq_percent_rm0.1_r01,freq_percent,0.1,0.9,1,target2,0.03747909024981393,0.006961764855563402,99.10748932867676
freq_percent_rm0.1_r01,freq_percent,0.1,0.9,1,target3,0.03081931976013113,0.002622582651068405,99.65075669383003
freq_percent_rm0.1_r01,freq_percent,0.1,0.9,1,target4,0.10483972828149817,0.01527455713743477,97.86573535118355
