run_id,strat,remove_frac,keep_frac,repeat_id,target,initial_mae_ms,adjusted_mae_ms,adjusted_accuracy_pct
freq_percent_rm0.7_r05,freq_percent,0.7,0.30000000000000004,5,all targets,0.06657189032506657,0.005609320267619448,99.15501165501166
freq_percent_rm0.7_r05,freq_percent,0.7,0.30000000000000004,5,target1,0.06167865349586662,0.00358041719209752,99.53379953379954
freq_percent_rm0.7_r05,freq_percent,0.7,0.30000000000000004,5,target2,0.04391978422306292,0.004391978422306292,99.41724941724942
freq_percent_rm0.7_r05,freq_percent,0.7,0.30000000000000004,5,target3,0.03298757706319182,0.0,100.0
freq_percent_rm0.7_r05,freq_percent,0.7,0.30000000000000004,5,target4,0.1277015465181449,0.014464885456073981,97.66899766899768
