run_id,strat,remove_frac,keep_frac,repeat_id,target,initial_mae_ms,adjusted_mae_ms,adjusted_accuracy_pct
freq_percent_rm0.85_r07,freq_percent,0.85,0.15000000000000002,7,all targets,0.09208833018074822,0.012746285203867173,98.42657342657343
freq_percent_rm0.85_r07,freq_percent,0.85,0.15000000000000002,7,target1,0.09032199103264678,0.014035235393022278,98.36829836829837
freq_percent_rm0.85_r07,freq_percent,0.85,0.15000000000000002,7,target2,0.06788470996216898,0.010693512680397926,98.6013986013986
freq_percent_rm0.85_r07,freq_percent,0.85,0.15000000000000002,7,target3,0.05757310844892812,0.002768855961888749,99.76689976689977
freq_percent_rm0.85_r07,freq_percent,0.85,0.15000000000000002,7,target4,0.152573511279249,0.023487536780159732,96.96969696969697
