run_id,strat,remove_frac,keep_frac,repeat_id,target,initial_mae_ms,adjusted_mae_ms,adjusted_accuracy_pct
freq_percent_rm0.2_r06,freq_percent,0.2,0.8,6,all targets,0.06031758421922352,0.010722927345073616,98.74454148471615
freq_percent_rm0.2_r06,freq_percent,0.2,0.8,6,target1,0.05802364688476866,0.009873320924905147,98.95196506550218
freq_percent_rm0.2_r06,freq_percent,0.2,0.8,6,target2,0.03897457662204405,0.009139976435917628,98.95196506550218
freq_percent_rm0.2_r06,freq_percent,0.2,0.8,6,target3,0.032517567828763694,0.004292748228219629,99.56331877729258
freq_percent_rm0.2_r06,freq_percent,0.2,0.8,6,target4,0.11175454554131768,0.01958566379125206,97.5109170305677
