run_id,strat,remove_frac,keep_frac,repeat_id,target,initial_mae_ms,adjusted_mae_ms,adjusted_accuracy_pct
freq_percent_rm0.3_r08,freq_percent,0.3,0.7,8,all targets,0.06049001451289808,0.009376871550631619,98.82793017456359
freq_percent_rm0.3_r08,freq_percent,0.3,0.7,8,target1,0.05967285795075154,0.009152153496041319,99.00249376558602
freq_percent_rm0.3_r08,freq_percent,0.3,0.7,8,target2,0.03728276814793617,0.007354409059318916,99.10224438902743
freq_percent_rm0.3_r08,freq_percent,0.3,0.7,8,target3,0.031664816783178666,0.0027783323112982572,99.6009975062344
freq_percent_rm0.3_r08,freq_percent,0.3,0.7,8,target4,0.11333961516972595,0.018222591335867983,97.60598503740648
