run_id,strat,remove_frac,keep_frac,repeat_id,target,initial_mae_ms,adjusted_mae_ms,adjusted_accuracy_pct
freq_percent_rm0.45_r01,freq_percent,0.45,0.55,1,all targets,0.06406009695116663,0.00860809584525978,98.95238095238095
freq_percent_rm0.45_r01,freq_percent,0.45,0.55,1,target1,0.06418362702749587,0.01097467204440975,98.79365079365078
freq_percent_rm0.45_r01,freq_percent,0.45,0.55,1,target2,0.04049185870413739,0.00715174126116749,99.17460317460318
freq_percent_rm0.45_r01,freq_percent,0.45,0.55,1,target3,0.03401628207129847,0.0009622342787752624,99.87301587301587
freq_percent_rm0.45_r01,freq_percent,0.45,0.55,1,target4,0.11754862000173476,0.015343735796686617,97.96825396825398
