run_id,strat,remove_frac,keep_frac,repeat_id,target,initial_mae_ms,adjusted_mae_ms,adjusted_accuracy_pct
freq_percent_rm0.975_r07,freq_percent,0.975,0.025000000000000022,7,all targets,0.13283546694748027,0.02517331654143898,96.18055555555556
freq_percent_rm0.975_r07,freq_percent,0.975,0.025000000000000022,7,target1,0.1433599043715847,0.02559998292349727,95.83333333333334
freq_percent_rm0.975_r07,freq_percent,0.975,0.025000000000000022,7,target2,0.11207103635397693,0.022755540376442018,95.83333333333334
freq_percent_rm0.975_r07,freq_percent,0.975,0.025000000000000022,7,target3,0.1331199112021858,0.031857756527018825,95.83333333333334
freq_percent_rm0.975_r07,freq_percent,0.975,0.025000000000000022,7,target4,0.14279101586217366,0.020479986338797815,97.22222222222221
