run_id,strat,remove_frac,keep_frac,repeat_id,target,initial_mae_ms,adjusted_mae_ms,adjusted_accuracy_pct
freq_percent_rm0.975_r04,freq_percent,0.975,0.025000000000000022,4,all targets,0.1277154703627808,0.011662214442926533,98.61111111111111
freq_percent_rm0.975_r04,freq_percent,0.975,0.025000000000000022,4,target1,0.11832880995749849,0.01365332422586521,98.61111111111111
freq_percent_rm0.975_r04,freq_percent,0.975,0.025000000000000022,4,target2,0.10922659380692168,0.002844442547055252,98.61111111111111
freq_percent_rm0.975_r04,freq_percent,0.975,0.025000000000000022,4,target3,0.1206043639951427,0.017066655282331512,98.61111111111111
freq_percent_rm0.975_r04,freq_percent,0.975,0.025000000000000022,4,target4,0.16270211369156043,0.013084435716454158,98.61111111111111
