run_id,strat,remove_frac,keep_frac,repeat_id,target,initial_mae_ms,adjusted_mae_ms,adjusted_accuracy_pct
freq_percent_rm0.15_r01,freq_percent,0.15,0.85,1,all targets,0.059285942375994,0.00949534288551082,98.81881676253082
freq_percent_rm0.15_r01,freq_percent,0.15,0.85,1,target1,0.057283380030622645,0.009104085956688265,98.93179950698439
freq_percent_rm0.15_r01,freq_percent,0.15,0.85,1,target2,0.03877229952718995,0.006478878176201445,99.17830731306492
freq_percent_rm0.15_r01,freq_percent,0.15,0.85,1,target3,0.03136786732581687,0.0022381579154150447,99.71240755957272
freq_percent_rm0.15_r01,freq_percent,0.15,0.85,1,target4,0.10972022262034654,0.020160249493738524,97.45275267050123
