run_id,strat,remove_frac,keep_frac,repeat_id,target,initial_mae_ms,adjusted_mae_ms,adjusted_accuracy_pct
freq_percent_rm0.35_r05,freq_percent,0.35,0.65,5,all targets,0.061368427629396025,0.008781853357528563,98.85814078452445
freq_percent_rm0.35_r05,freq_percent,0.35,0.65,5,target1,0.06167106042053894,0.008209602261549258,99.08651262761956
freq_percent_rm0.35_r05,freq_percent,0.35,0.65,5,target2,0.037856610964784786,0.007131129042203646,98.97904352498657
freq_percent_rm0.35_r05,freq_percent,0.35,0.65,5,target3,0.03120969438840978,0.0023330236989925505,99.67759269210103
freq_percent_rm0.35_r05,freq_percent,0.35,0.65,5,target4,0.11473634474385062,0.017453658427368797,97.68941429339066
