run_id,strat,remove_frac,keep_frac,repeat_id,target,initial_mae_ms,adjusted_mae_ms,adjusted_accuracy_pct
freq_percent_rm0.3_r02,freq_percent,0.3,0.7,2,all targets,0.06091391447951161,0.00827371019173378,98.95261845386534
freq_percent_rm0.3_r02,freq_percent,0.3,0.7,2,target1,0.05881484356049767,0.007170548832835944,99.15211970074813
freq_percent_rm0.3_r02,freq_percent,0.3,0.7,2,target2,0.036077462218770014,0.004719079146396305,99.35162094763092
freq_percent_rm0.3_r02,freq_percent,0.3,0.7,2,target3,0.031194951759944405,0.0012665926713271466,99.85037406483791
freq_percent_rm0.3_r02,freq_percent,0.3,0.7,2,target4,0.11756840037883434,0.01993862011637573,97.45635910224439
