run_id,strat,remove_frac,keep_frac,repeat_id,target,initial_mae_ms,adjusted_mae_ms,adjusted_accuracy_pct
freq_percent_rm0.9_r10,freq_percent,0.9,0.09999999999999998,10,all targets,0.1007529397856242,0.012710481031946197,98.42657342657343
freq_percent_rm0.9_r10,freq_percent,0.9,0.09999999999999998,10,target1,0.09452301387137452,0.006731184321143337,99.3006993006993
freq_percent_rm0.9_r10,freq_percent,0.9,0.09999999999999998,10,target2,0.08406819567044978,0.013175935266918874,98.25174825174825
freq_percent_rm0.9_r10,freq_percent,0.9,0.09999999999999998,10,target3,0.08120386191677176,0.00887943463640185,98.95104895104895
freq_percent_rm0.9_r10,freq_percent,0.9,0.09999999999999998,10,target4,0.1432166876839008,0.022055369903320722,97.2027972027972
