run_id,strat,remove_frac,keep_frac,repeat_id,target,initial_mae_ms,adjusted_mae_ms,adjusted_accuracy_pct
freq_percent_rm0.9_r09,freq_percent,0.9,0.09999999999999998,9,all targets,0.11378565836485918,0.016684744115174444,97.9020979020979
freq_percent_rm0.9_r09,freq_percent,0.9,0.09999999999999998,9,target1,0.11185223308112653,0.024203620218579237,97.2027972027972
freq_percent_rm0.9_r09,freq_percent,0.9,0.09999999999999998,9,target2,0.09810343106347205,0.01618348570828079,97.9020979020979
freq_percent_rm0.9_r09,freq_percent,0.9,0.09999999999999998,9,target3,0.0896536464901219,0.011314118327028163,98.6013986013986
freq_percent_rm0.9_r09,freq_percent,0.9,0.09999999999999998,9,target4,0.15553332282471627,0.015037752206809585,97.9020979020979
