run_id,strat,remove_frac,keep_frac,repeat_id,target,initial_mae_ms,adjusted_mae_ms,adjusted_accuracy_pct
freq_percent_rm0.1_r05,freq_percent,0.1,0.9,5,all targets,0.05700938378011879,0.008888965743090942,98.87466045789678
freq_percent_rm0.1_r05,freq_percent,0.1,0.9,5,target1,0.0574107183979338,0.010220125119012026,98.83585564610011
freq_percent_rm0.1_r05,freq_percent,0.1,0.9,5,target2,0.03571480737545882,0.006198831720707138,99.22390376406675
freq_percent_rm0.1_r05,freq_percent,0.1,0.9,5,target3,0.030453747633012507,0.001939121717759669,99.72836631742335
freq_percent_rm0.1_r05,freq_percent,0.1,0.9,5,target4,0.10445826171407004,0.017197784414884933,97.7105161039969
