run_id,strat,remove_frac,keep_frac,repeat_id,target,initial_mae_ms,adjusted_mae_ms,adjusted_accuracy_pct
freq_percent_rm0.25_r07,freq_percent,0.25,0.75,7,all targets,0.06041500625502438,0.008967144856442897,98.82448789571696
freq_percent_rm0.25_r07,freq_percent,0.25,0.75,7,target1,0.05676808131340884,0.007017350998768712,99.16201117318437
freq_percent_rm0.25_r07,freq_percent,0.25,0.75,7,target2,0.03684109274353573,0.006502491007011225,99.11545623836126
freq_percent_rm0.25_r07,freq_percent,0.25,0.75,7,target3,0.030815323951114776,0.0021357155213643903,99.72067039106145
freq_percent_rm0.25_r07,freq_percent,0.25,0.75,7,target4,0.11723552701203814,0.020213021898627264,97.2998137802607
