run_id,strat,remove_frac,keep_frac,repeat_id,target,initial_mae_ms,adjusted_mae_ms,adjusted_accuracy_pct
freq_percent_rm0.55_r01,freq_percent,0.55,0.44999999999999996,1,all targets,0.06712442727425076,0.013022600008909481,98.46661490683229
freq_percent_rm0.55_r01,freq_percent,0.55,0.44999999999999996,1,target1,0.06433387012948444,0.011798252999524828,98.75776397515527
freq_percent_rm0.55_r01,freq_percent,0.55,0.44999999999999996,1,target2,0.04248643128669857,0.01157564445236398,98.68012422360249
freq_percent_rm0.55_r01,freq_percent,0.55,0.44999999999999996,1,target3,0.03523575289345959,0.004579375827308828,99.45652173913044
freq_percent_rm0.55_r01,freq_percent,0.55,0.44999999999999996,1,target4,0.1264416547873604,0.024137126756440284,96.972049689441
