run_id,strat,remove_frac,keep_frac,repeat_id,target,initial_mae_ms,adjusted_mae_ms,adjusted_accuracy_pct
freq_percent_rm0.45_r05,freq_percent,0.45,0.55,5,all targets,0.0635594750628849,0.009882406106340533,98.71428571428571
freq_percent_rm0.45_r05,freq_percent,0.45,0.55,5,target1,0.06134893685488768,0.010220488420504815,98.85714285714286
freq_percent_rm0.45_r05,freq_percent,0.45,0.55,5,target2,0.0398937130713852,0.006319538641686182,99.04761904761905
freq_percent_rm0.45_r05,freq_percent,0.45,0.55,5,target3,0.0339382630757221,0.0023665761991499695,99.68253968253968
freq_percent_rm0.45_r05,freq_percent,0.45,0.55,5,target4,0.11905698724954464,0.020623021164021167,97.26984126984128
