run_id,strat,remove_frac,keep_frac,repeat_id,target,initial_mae_ms,adjusted_mae_ms,adjusted_accuracy_pct
freq_percent_rm0.8_r10,freq_percent,0.8,0.19999999999999996,10,all targets,0.07593321287395455,0.009453676067385727,98.86561954624781
freq_percent_rm0.8_r10,freq_percent,0.8,0.19999999999999996,10,target1,0.07369935747050801,0.010150638953261047,98.77835951134381
freq_percent_rm0.8_r10,freq_percent,0.8,0.19999999999999996,10,target2,0.056757798090769515,0.008506521376324397,98.77835951134381
freq_percent_rm0.8_r10,freq_percent,0.8,0.19999999999999996,10,target3,0.048680176951906844,0.005075319476630523,99.47643979057592
freq_percent_rm0.8_r10,freq_percent,0.8,0.19999999999999996,10,target4,0.12459551898263382,0.014082224463326944,98.42931937172776
