run_id,strat,remove_frac,keep_frac,repeat_id,target,initial_mae_ms,adjusted_mae_ms,adjusted_accuracy_pct
freq_percent_rm0.55_r04,freq_percent,0.55,0.44999999999999996,4,all targets,0.06860318405181923,0.011249681936878458,98.66071428571429
freq_percent_rm0.55_r04,freq_percent,0.55,0.44999999999999996,4,target1,0.06601933484370227,0.01224347009384652,98.75776397515527
freq_percent_rm0.55_r04,freq_percent,0.55,0.44999999999999996,4,target2,0.04340866669636493,0.009126950433594678,98.91304347826086
freq_percent_rm0.55_r04,freq_percent,0.55,0.44999999999999996,4,target3,0.035649168766758305,0.002067079366493568,99.76708074534162
freq_percent_rm0.55_r04,freq_percent,0.55,0.44999999999999996,4,target4,0.12933556590045142,0.021561227853579067,97.20496894409938
