run_id,strat,remove_frac,keep_frac,repeat_id,target,initial_mae_ms,adjusted_mae_ms,adjusted_accuracy_pct
freq_percent_rm0.75_r09,freq_percent,0.75,0.25,9,all targets,0.06971788356452291,0.00544223413198823,99.33566433566433
freq_percent_rm0.75_r09,freq_percent,0.75,0.25,9,target1,0.06908773013871375,0.005843240857503152,99.3006993006993
freq_percent_rm0.75_r09,freq_percent,0.75,0.25,9,target2,0.045428333333333334,0.002692473728457335,99.72027972027972
freq_percent_rm0.75_r09,freq_percent,0.75,0.25,9,target3,0.0418765594787726,0.0021196069777217317,99.72027972027972
freq_percent_rm0.75_r09,freq_percent,0.75,0.25,9,target4,0.12247891130727197,0.011113614964270702,98.6013986013986
