run_id,strat,remove_frac,keep_frac,repeat_id,target,initial_mae_ms,adjusted_mae_ms,adjusted_accuracy_pct
freq_percent_rm0.15_r03,freq_percent,0.15,0.85,3,all targets,0.05932380594975102,0.010526073504451958,98.65447822514379
freq_percent_rm0.15_r03,freq_percent,0.15,0.85,3,target1,0.059588850966050176,0.011274930852090827,98.72637633525062
freq_percent_rm0.15_r03,freq_percent,0.15,0.85,3,target2,0.038183310602080724,0.007623199516413649,99.0139687756779
freq_percent_rm0.15_r03,freq_percent,0.15,0.85,3,target3,0.0311491000107763,0.00264203603548994,99.67132292522597
freq_percent_rm0.15_r03,freq_percent,0.15,0.85,3,target4,0.1083739622200969,0.020564127613813418,97.20624486442071
