run_id,strat,remove_frac,keep_frac,repeat_id,target,initial_mae_ms,adjusted_mae_ms,adjusted_accuracy_pct
freq_percent_rm0.25_r09,freq_percent,0.25,0.75,9,all targets,0.05988584459682918,0.0091482992979872,98.78957169459963
freq_percent_rm0.25_r09,freq_percent,0.25,0.75,9,target1,0.059323312383612666,0.010068373172146412,98.83612662942272
freq_percent_rm0.25_r09,freq_percent,0.25,0.75,9,target2,0.03766105495263099,0.007646624322027862,98.9292364990689
freq_percent_rm0.25_r09,freq_percent,0.25,0.75,9,target3,0.032092939486216686,0.00242174885011855,99.67411545623837
freq_percent_rm0.25_r09,freq_percent,0.25,0.75,9,target4,0.11046607156485637,0.01645645084765597,97.71880819366852
