run_id,strat,remove_frac,keep_frac,repeat_id,target,initial_mae_ms,adjusted_mae_ms,adjusted_accuracy_pct
freq_percent_rm0.45_r10,freq_percent,0.45,0.55,10,all targets,0.06623162566137566,0.009921415604128719,98.71428571428571
freq_percent_rm0.45_r10,freq_percent,0.45,0.55,10,target1,0.06324739908057941,0.007827905889496055,99.11111111111111
freq_percent_rm0.45_r10,freq_percent,0.45,0.55,10,target2,0.039607643420938504,0.0053312980310521296,99.3015873015873
freq_percent_rm0.45_r10,freq_percent,0.45,0.55,10,target3,0.03443238338103912,0.004109000433688959,99.36507936507937
freq_percent_rm0.45_r10,freq_percent,0.45,0.55,10,target4,0.12763907676294564,0.022417458062277736,97.07936507936508
