run_id,strat,remove_frac,keep_frac,repeat_id,target,initial_mae_ms,adjusted_mae_ms,adjusted_accuracy_pct
freq_percent_rm0.7_r04,freq_percent,0.7,0.30000000000000004,4,all targets,0.06984200469384895,0.011409596118817431,98.6013986013986
freq_percent_rm0.7_r04,freq_percent,0.7,0.30000000000000004,4,target1,0.07194251611321284,0.014035235393022278,98.6013986013986
freq_percent_rm0.7_r04,freq_percent,0.7,0.30000000000000004,4,target2,0.044922301036850215,0.008449784573350147,98.83449883449883
freq_percent_rm0.7_r04,freq_percent,0.7,0.30000000000000004,4,target3,0.03661573315118397,0.0018140780439960767,99.65034965034964
freq_percent_rm0.7_r04,freq_percent,0.7,0.30000000000000004,4,target4,0.1258874684741488,0.021339286464901217,97.31934731934732
