run_id,strat,remove_frac,keep_frac,repeat_id,target,initial_mae_ms,adjusted_mae_ms,adjusted_accuracy_pct
freq_percent_rm0.6_r06,freq_percent,0.6,0.4,6,all targets,0.0681920942503639,0.010749757021499988,98.73362445414847
freq_percent_rm0.6_r06,freq_percent,0.6,0.4,6,target1,0.06503513565752739,0.011089599589567376,98.77729257641921
freq_percent_rm0.6_r06,freq_percent,0.6,0.4,6,target2,0.04256975326317799,0.008585496456439258,99.03930131004367
freq_percent_rm0.6_r06,freq_percent,0.6,0.4,6,target3,0.037096499272197964,0.0030049237597537404,99.65065502183405
freq_percent_rm0.6_r06,freq_percent,0.6,0.4,6,target4,0.12806698880855227,0.02031900828023958,97.46724890829694
