run_id,strat,remove_frac,keep_frac,repeat_id,target,initial_mae_ms,adjusted_mae_ms,adjusted_accuracy_pct
freq_percent_rm0.2_r07,freq_percent,0.2,0.8,7,all targets,0.0592578120003818,0.008970055151883934,98.91921397379913
freq_percent_rm0.2_r07,freq_percent,0.2,0.8,7,target1,0.05848869460949245,0.010141617689168875,98.8646288209607
freq_percent_rm0.2_r07,freq_percent,0.2,0.8,7,target2,0.038205459231154704,0.00736921779177703,99.03930131004367
freq_percent_rm0.2_r07,freq_percent,0.2,0.8,7,target3,0.031873655594530745,0.0021284876631588994,99.78165938864629
freq_percent_rm0.2_r07,freq_percent,0.2,0.8,7,target4,0.1084634385663493,0.016240897463430933,97.99126637554585
