run_id,strat,remove_frac,keep_frac,repeat_id,target,initial_mae_ms,adjusted_mae_ms,adjusted_accuracy_pct
freq_percent_rm0.1_r04,freq_percent,0.1,0.9,4,all targets,0.0566040755522264,0.008519420005894939,98.88436166084594
freq_percent_rm0.1_r04,freq_percent,0.1,0.9,4,target1,0.05612326873286386,0.007931325714443235,99.02987970508343
freq_percent_rm0.1_r04,freq_percent,0.1,0.9,4,target2,0.035094924203388105,0.005451793026160381,99.34031819945673
freq_percent_rm0.1_r04,freq_percent,0.1,0.9,4,target3,0.029817970020632287,0.001939121717759669,99.72836631742335
freq_percent_rm0.1_r04,freq_percent,0.1,0.9,4,target4,0.10538013925202136,0.01875543956521647,97.43888242142026
