run_id,strat,remove_frac,keep_frac,repeat_id,target,initial_mae_ms,adjusted_mae_ms,adjusted_accuracy_pct
freq_percent_rm0.8_r03,freq_percent,0.8,0.19999999999999996,3,all targets,0.07369935747050801,0.007881041863359368,98.90924956369983
freq_percent_rm0.8_r03,freq_percent,0.8,0.19999999999999996,3,target1,0.07655869238691958,0.010079155580350758,98.77835951134381
freq_percent_rm0.8_r03,freq_percent,0.8,0.19999999999999996,3,target2,0.05189692873286985,0.009292838478337577,98.60383944153578
freq_percent_rm0.8_r03,freq_percent,0.8,0.19999999999999996,3,target3,0.04353337410236604,0.0020015344414880936,99.65095986038395
freq_percent_rm0.8_r03,freq_percent,0.8,0.19999999999999996,3,target4,0.12280843465987659,0.010150638953261047,98.60383944153578
