run_id,strat,remove_frac,keep_frac,repeat_id,target,initial_mae_ms,adjusted_mae_ms,adjusted_accuracy_pct
freq_percent_rm0.975_r08,freq_percent,0.975,0.025000000000000022,8,all targets,0.127004359726017,0.022328873994383727,97.56944444444444
freq_percent_rm0.975_r08,freq_percent,0.975,0.025000000000000022,8,target1,0.11832880995749849,0.021617763357619914,97.22222222222221
freq_percent_rm0.975_r08,freq_percent,0.975,0.025000000000000022,8,target2,0.10524437424104434,0.013084435716454158,98.61111111111111
freq_percent_rm0.975_r08,freq_percent,0.975,0.025000000000000022,8,target3,0.11150214784456589,0.01365332422586521,98.61111111111111
freq_percent_rm0.975_r08,freq_percent,0.975,0.025000000000000022,8,target4,0.17294210686095932,0.04095997267759563,95.83333333333334
