run_id,strat,remove_frac,keep_frac,repeat_id,target,initial_mae_ms,adjusted_mae_ms,adjusted_accuracy_pct
freq_percent_rm0.4_r01,freq_percent,0.4,0.6,1,all targets,0.06349630223143572,0.009697595393837034,98.80675203725262
freq_percent_rm0.4_r01,freq_percent,0.4,0.6,1,target1,0.061320750714072156,0.007581648027634115,99.12689173457508
freq_percent_rm0.4_r01,freq_percent,0.4,0.6,1,target2,0.040721556072953045,0.0072001814602059835,99.12689173457508
freq_percent_rm0.4_r01,freq_percent,0.4,0.6,1,target3,0.034022049482496486,0.0037669823533527996,99.53434225844005
freq_percent_rm0.4_r01,freq_percent,0.4,0.6,1,target4,0.11792085265622118,0.02024156973415523,97.43888242142026
