run_id,strat,remove_frac,keep_frac,repeat_id,target,initial_mae_ms,adjusted_mae_ms,adjusted_accuracy_pct
freq_percent_rm0.5_r04,freq_percent,0.5,0.5,4,all targets,0.061883310675962394,0.008051838204429588,98.96997206703911
freq_percent_rm0.5_r04,freq_percent,0.5,0.5,4,target1,0.05855102239597643,0.00803753653799188,99.16201117318437
freq_percent_rm0.5_r04,freq_percent,0.5,0.5,4,target2,0.035496736098391185,0.005863683239460268,99.23184357541899
freq_percent_rm0.5_r04,freq_percent,0.5,0.5,4,target3,0.032693609476600424,0.0024026799615349394,99.72067039106145
freq_percent_rm0.5_r04,freq_percent,0.5,0.5,4,target4,0.12079187473288154,0.015903453078731266,97.76536312849163
