run_id,strat,remove_frac,keep_frac,repeat_id,target,initial_mae_ms,adjusted_mae_ms,adjusted_accuracy_pct
freq_percent_rm0.05_r03,freq_percent,0.05,0.95,3,all targets,0.05795007899138139,0.00965269944350691,98.81433823529412
freq_percent_rm0.05_r03,freq_percent,0.05,0.95,3,target1,0.057374079375602696,0.00947199368169399,98.97058823529412
freq_percent_rm0.05_r03,freq_percent,0.05,0.95,3,target2,0.037541622016634524,0.007890818265830922,99.04411764705883
freq_percent_rm0.05_r03,freq_percent,0.05,0.95,3,target3,0.03037362679805529,0.0031021155777884923,99.59558823529412
freq_percent_rm0.05_r03,freq_percent,0.05,0.95,3,target4,0.10651098777523306,0.018145870248714238,97.6470588235294
