run_id,strat,remove_frac,keep_frac,repeat_id,target,initial_mae_ms,adjusted_mae_ms,adjusted_accuracy_pct
freq_percent_rm0.7_r10,freq_percent,0.7,0.30000000000000004,10,all targets,0.0740788317044977,0.01014451537760964,98.74708624708624
freq_percent_rm0.7_r10,freq_percent,0.7,0.30000000000000004,10,target1,0.07843500595488301,0.01365332422586521,98.48484848484848
freq_percent_rm0.7_r10,freq_percent,0.7,0.30000000000000004,10,target2,0.04883689050021017,0.008545262365139415,98.83449883449883
freq_percent_rm0.7_r10,freq_percent,0.7,0.30000000000000004,10,target3,0.039575544696651255,0.004010067255149223,99.53379953379954
freq_percent_rm0.7_r10,freq_percent,0.7,0.30000000000000004,10,target4,0.1294678856662463,0.014369407664284715,98.13519813519814
