run_id,strat,remove_frac,keep_frac,repeat_id,target,initial_mae_ms,adjusted_mae_ms,adjusted_accuracy_pct
freq_percent_rm0.9_r04,freq_percent,0.9,0.09999999999999998,4,all targets,0.10572971968263976,0.016756352459016396,97.9895104895105
freq_percent_rm0.9_r04,freq_percent,0.9,0.09999999999999998,4,target1,0.10268636506935688,0.024060403530895336,97.55244755244755
freq_percent_rm0.9_r04,freq_percent,0.9,0.09999999999999998,4,target2,0.09266119693148381,0.018188519335855403,97.55244755244755
freq_percent_rm0.9_r04,freq_percent,0.9,0.09999999999999998,4,target3,0.08635966267339218,0.009595518074821355,98.95104895104895
freq_percent_rm0.9_r04,freq_percent,0.9,0.09999999999999998,4,target4,0.14121165405632619,0.015180968894493486,97.9020979020979
