run_id,strat,remove_frac,keep_frac,repeat_id,target,initial_mae_ms,adjusted_mae_ms,adjusted_accuracy_pct
freq_percent_rm0.2_r08,freq_percent,0.2,0.8,8,all targets,0.057250057881141576,0.0077582480999594345,99.0174672489083
freq_percent_rm0.2_r08,freq_percent,0.2,0.8,8,target1,0.05593093212351159,0.006778964910396831,99.21397379912665
freq_percent_rm0.2_r08,freq_percent,0.2,0.8,8,target2,0.03303627490634023,0.004113883718710478,99.47598253275109
freq_percent_rm0.2_r08,freq_percent,0.2,0.8,8,target3,0.029834600186126423,0.001895963800797003,99.73799126637554
freq_percent_rm0.2_r08,freq_percent,0.2,0.8,8,target4,0.11019842430858806,0.018244179969933425,97.64192139737992
