run_id,strat,remove_frac,keep_frac,repeat_id,target,initial_mae_ms,adjusted_mae_ms,adjusted_accuracy_pct
freq_percent_rm0.25_r10,freq_percent,0.25,0.75,10,all targets,0.060248153479917785,0.00965362484545288,98.78957169459963
freq_percent_rm0.25_r10,freq_percent,0.25,0.75,10,target1,0.057797801296923815,0.007951726539365633,99.11545623836126
freq_percent_rm0.25_r10,freq_percent,0.25,0.75,10,target2,0.038214052721555695,0.006883868778683437,99.11545623836126
freq_percent_rm0.25_r10,freq_percent,0.25,0.75,10,target3,0.031978526154715026,0.003146366616295754,99.62756052141528
freq_percent_rm0.25_r10,freq_percent,0.25,0.75,10,target4,0.11300223374647657,0.0206325374474667,97.2998137802607
