run_id,strat,remove_frac,keep_frac,repeat_id,target,initial_mae_ms,adjusted_mae_ms,adjusted_accuracy_pct
freq_percent_rm0.4_r09,freq_percent,0.4,0.6,9,all targets,0.06183930682916977,0.008147887463660249,98.96682188591386
freq_percent_rm0.4_r09,freq_percent,0.4,0.6,9,target1,0.06098696746757254,0.00846378946481167,99.0686845168801
freq_percent_rm0.4_r09,freq_percent,0.4,0.6,9,target2,0.03845659832884852,0.004935223716101452,99.30151338766007
freq_percent_rm0.4_r09,freq_percent,0.4,0.6,9,target3,0.032281608268605634,0.0018834911766763998,99.76717112922002
freq_percent_rm0.4_r09,freq_percent,0.4,0.6,9,target4,0.11563205325165238,0.01730904549705147,97.72991850989523
