run_id,strat,remove_frac,keep_frac,repeat_id,target,initial_mae_ms,adjusted_mae_ms,adjusted_accuracy_pct
freq_percent_rm0.975_r01,freq_percent,0.975,0.025000000000000022,1,all targets,0.13738657502276866,0.02858664759790528,96.18055555555556
freq_percent_rm0.975_r01,freq_percent,0.975,0.025000000000000022,1,target1,0.1308443571645416,0.03868441863995143,94.44444444444444
freq_percent_rm0.975_r01,freq_percent,0.975,0.025000000000000022,1,target2,0.1206043639951427,0.021048874848208863,95.83333333333334
freq_percent_rm0.975_r01,freq_percent,0.975,0.025000000000000022,1,target3,0.12913769163630845,0.030719979508196722,97.22222222222221
freq_percent_rm0.975_r01,freq_percent,0.975,0.025000000000000022,1,target4,0.16895988729508196,0.023893317395264117,97.22222222222221
