run_id,strat,remove_frac,keep_frac,repeat_id,target,initial_mae_ms,adjusted_mae_ms,adjusted_accuracy_pct
freq_percent_rm0.85_r04,freq_percent,0.85,0.15000000000000002,4,all targets,0.08774409065433657,0.013987496497127645,98.54312354312354
freq_percent_rm0.85_r04,freq_percent,0.85,0.15000000000000002,4,target1,0.08277924548129466,0.014035235393022278,98.6013986013986
freq_percent_rm0.85_r04,freq_percent,0.85,0.15000000000000002,4,target2,0.06597515412638363,0.011075423847554996,99.06759906759906
freq_percent_rm0.85_r04,freq_percent,0.85,0.15000000000000002,4,target3,0.061869609079445144,0.006492489841670169,99.53379953379954
freq_percent_rm0.85_r04,freq_percent,0.85,0.15000000000000002,4,target4,0.1403523539302228,0.024346836906263134,96.96969696969697
