run_id,strat,remove_frac,keep_frac,repeat_id,target,initial_mae_ms,adjusted_mae_ms,adjusted_accuracy_pct
freq_percent_rm0.1_r03,freq_percent,0.1,0.9,3,all targets,0.058217361243641214,0.009063804586495501,98.82615444315095
freq_percent_rm0.1_r03,freq_percent,0.1,0.9,3,target1,0.057998812689385504,0.009441297543846256,98.91346526969345
freq_percent_rm0.1_r03,freq_percent,0.1,0.9,3,target2,0.03601680174133942,0.005833259593588513,99.22390376406675
freq_percent_rm0.1_r03,freq_percent,0.1,0.9,3,target3,0.030040492184965364,0.0018755439565216472,99.72836631742335
freq_percent_rm0.1_r03,freq_percent,0.1,0.9,3,target4,0.10881333835887454,0.019105117252025593,97.43888242142026
