run_id,strat,remove_frac,keep_frac,repeat_id,target,initial_mae_ms,adjusted_mae_ms,adjusted_accuracy_pct
freq_percent_rm0.7_r09,freq_percent,0.7,0.30000000000000004,9,all targets,0.07004489500140115,0.010395144581056467,98.77622377622379
freq_percent_rm0.7_r09,freq_percent,0.7,0.30000000000000004,9,target1,0.0711786937788987,0.011743768390079866,98.71794871794873
freq_percent_rm0.7_r09,freq_percent,0.7,0.30000000000000004,9,target2,0.04602029564242679,0.009309084699453551,98.83449883449883
freq_percent_rm0.7_r09,freq_percent,0.7,0.30000000000000004,9,target3,0.03819111671570688,0.0031985060249404514,99.65034965034964
freq_percent_rm0.7_r09,freq_percent,0.7,0.30000000000000004,9,target4,0.12478947386857224,0.017329219209751997,97.9020979020979
