run_id,strat,remove_frac,keep_frac,repeat_id,target,initial_mae_ms,adjusted_mae_ms,adjusted_accuracy_pct
freq_percent_rm0.65_r02,freq_percent,0.65,0.35,2,all targets,0.07033097104970387,0.009984504317866998,98.75249500998004
freq_percent_rm0.65_r02,freq_percent,0.65,0.35,2,target1,0.07288585956502297,0.012917516333453312,98.40319361277446
freq_percent_rm0.65_r02,freq_percent,0.65,0.35,2,target2,0.04680555760064571,0.010669214439972515,98.70259481037924
freq_percent_rm0.65_r02,freq_percent,0.65,0.35,2,target3,0.03454209272711408,0.0015942504335591113,99.8003992015968
freq_percent_rm0.65_r02,freq_percent,0.65,0.35,2,target4,0.12709037430603273,0.014757036064483057,98.10379241516966
