run_id,strat,remove_frac,keep_frac,repeat_id,target,initial_mae_ms,adjusted_mae_ms,adjusted_accuracy_pct
freq_percent_rm0.9_r08,freq_percent,0.9,0.09999999999999998,8,all targets,0.10999041614123582,0.015395793926019337,98.07692307692307
freq_percent_rm0.9_r08,freq_percent,0.9,0.09999999999999998,8,target1,0.10139741488020176,0.017472435897435898,97.55244755244755
freq_percent_rm0.9_r08,freq_percent,0.9,0.09999999999999998,8,target2,0.09609839743589745,0.012889501891551072,98.6013986013986
freq_percent_rm0.9_r08,freq_percent,0.9,0.09999999999999998,8,target3,0.08750539617486339,0.013748802017654478,98.6013986013986
freq_percent_rm0.9_r08,freq_percent,0.9,0.09999999999999998,8,target4,0.15496045607398068,0.017472435897435898,97.55244755244755
