run_id,strat,remove_frac,keep_frac,repeat_id,target,initial_mae_ms,adjusted_mae_ms,adjusted_accuracy_pct
freq_percent_rm0.4_r04,freq_percent,0.4,0.6,4,all targets,0.06118366116640267,0.007313429347411211,99.08323632130384
freq_percent_rm0.4_r04,freq_percent,0.4,0.6,4,target1,0.05898426798857485,0.007605489688098374,99.18509895227008
freq_percent_rm0.4_r04,freq_percent,0.4,0.6,4,target2,0.03902879817999071,0.006270356702099913,99.18509895227008
freq_percent_rm0.4_r04,freq_percent,0.4,0.6,4,target3,0.0337836328778539,0.002670265971996921,99.65075669383003
freq_percent_rm0.4_r04,freq_percent,0.4,0.6,4,target4,0.11293794561919122,0.012707605027449633,98.31199068684518
