run_id,strat,remove_frac,keep_frac,repeat_id,target,initial_mae_ms,adjusted_mae_ms,adjusted_accuracy_pct
freq_percent_rm0.7_r03,freq_percent,0.7,0.30000000000000004,3,all targets,0.07398335391270842,0.012042136489421325,98.63053613053613
freq_percent_rm0.7_r03,freq_percent,0.7,0.30000000000000004,3,target1,0.07509328324225865,0.012889501891551072,98.71794871794873
freq_percent_rm0.7_r03,freq_percent,0.7,0.30000000000000004,3,target2,0.05284695775535939,0.012698546307972538,98.6013986013986
freq_percent_rm0.7_r03,freq_percent,0.7,0.30000000000000004,3,target3,0.039575544696651255,0.003341722712624352,99.65034965034964
freq_percent_rm0.7_r03,freq_percent,0.7,0.30000000000000004,3,target4,0.1284176299565644,0.01923877504553734,97.55244755244755
