run_id,strat,remove_frac,keep_frac,repeat_id,target,initial_mae_ms,adjusted_mae_ms,adjusted_accuracy_pct
freq_percent_rm0.35_r10,freq_percent,0.35,0.65,10,all targets,0.06141794935885578,0.009238553751435124,98.85814078452445
freq_percent_rm0.35_r10,freq_percent,0.35,0.65,10,target1,0.06237536946174423,0.011863205412801744,98.71037076840409
freq_percent_rm0.35_r10,freq_percent,0.35,0.65,10,target2,0.03862694897860308,0.008627785754764904,98.92530897367007
freq_percent_rm0.35_r10,freq_percent,0.35,0.65,10,target3,0.032728360758508705,0.0025751299319068718,99.67759269210103
freq_percent_rm0.35_r10,freq_percent,0.35,0.65,10,target4,0.11194111823656709,0.013888093906266975,98.11929070392263
