run_id,strat,remove_frac,keep_frac,repeat_id,target,initial_mae_ms,adjusted_mae_ms,adjusted_accuracy_pct
freq_percent_rm0.6_r04,freq_percent,0.6,0.4,4,all targets,0.07076774318729569,0.012377424058033264,98.51528384279476
freq_percent_rm0.6_r04,freq_percent,0.6,0.4,4,target1,0.07032952513899826,0.012234332450425944,98.60262008733625
freq_percent_rm0.6_r04,freq_percent,0.6,0.4,4,target2,0.045932406041950036,0.010445687355334432,98.68995633187772
freq_percent_rm0.6_r04,freq_percent,0.6,0.4,4,target3,0.038563188250173,0.004221202424415969,99.56331877729258
freq_percent_rm0.6_r04,freq_percent,0.6,0.4,4,target4,0.12824585331806143,0.022608474001956713,97.2052401746725
