run_id,strat,remove_frac,keep_frac,repeat_id,target,initial_mae_ms,adjusted_mae_ms,adjusted_accuracy_pct
freq_percent_rm0.25_r03,freq_percent,0.25,0.75,3,all targets,0.059676086822409456,0.008519025974728048,98.91759776536313
freq_percent_rm0.25_r03,freq_percent,0.25,0.75,3,target1,0.05756897463392049,0.007646624322027862,99.16201117318437
freq_percent_rm0.25_r03,freq_percent,0.25,0.75,3,target2,0.036326232751778244,0.0066741110042637195,99.06890130353817
freq_percent_rm0.25_r03,freq_percent,0.25,0.75,3,target3,0.03279848836381028,0.0026887132902890984,99.72067039106145
freq_percent_rm0.25_r03,freq_percent,0.25,0.75,3,target4,0.11201065154012882,0.017066655282331512,97.71880819366852
