run_id,strat,remove_frac,keep_frac,repeat_id,target,initial_mae_ms,adjusted_mae_ms,adjusted_accuracy_pct
freq_percent_rm0.25_r01,freq_percent,0.25,0.75,1,all targets,0.05989537904112099,0.009338988183823305,98.8012104283054
freq_percent_rm0.25_r01,freq_percent,0.25,0.75,1,target1,0.058961003500524065,0.009153066520133101,98.97579143389198
freq_percent_rm0.25_r01,freq_percent,0.25,0.75,1,target2,0.03855729271606069,0.006941075444434269,99.06890130353817
freq_percent_rm0.25_r01,freq_percent,0.25,0.75,1,target3,0.03100601283695088,0.0017734066382757885,99.76722532588454
freq_percent_rm0.25_r01,freq_percent,0.25,0.75,1,target4,0.1110572071109483,0.019488404132450062,97.39292364990689
