run_id,strat,remove_frac,keep_frac,repeat_id,target,initial_mae_ms,adjusted_mae_ms,adjusted_accuracy_pct
freq_percent_rm0.55_r10,freq_percent,0.55,0.44999999999999996,10,all targets,0.06539921103375419,0.010597756905907411,98.73835403726709
freq_percent_rm0.55_r10,freq_percent,0.55,0.44999999999999996,10,target1,0.0646836835607372,0.009349558980755523,98.99068322981367
freq_percent_rm0.55_r10,freq_percent,0.55,0.44999999999999996,10,target2,0.042359226402606656,0.00861813089722703,98.91304347826086
freq_percent_rm0.55_r10,freq_percent,0.55,0.44999999999999996,10,target3,0.036412398071309776,0.005946828331296882,99.30124223602485
freq_percent_rm0.55_r10,freq_percent,0.55,0.44999999999999996,10,target4,0.11814153610036317,0.018476509414350202,97.74844720496894
