run_id,strat,remove_frac,keep_frac,repeat_id,target,initial_mae_ms,adjusted_mae_ms,adjusted_accuracy_pct
freq_percent_rm0.4_r06,freq_percent,0.4,0.6,6,all targets,0.061302869468723965,0.008815453956659478,98.85040745052387
freq_percent_rm0.4_r06,freq_percent,0.4,0.6,6,target1,0.06062934256060866,0.007820064632276698,99.0104772991851
freq_percent_rm0.4_r06,freq_percent,0.4,0.6,6,target2,0.037526773570742446,0.0054597402463151335,99.18509895227008
freq_percent_rm0.4_r06,freq_percent,0.4,0.6,6,target3,0.032281608268605634,0.0021457494417832404,99.76717112922002
freq_percent_rm0.4_r06,freq_percent,0.4,0.6,6,target4,0.11477375347493908,0.01983626150626284,97.43888242142026
