run_id,strat,remove_frac,keep_frac,repeat_id,target,initial_mae_ms,adjusted_mae_ms,adjusted_accuracy_pct
freq_percent_rm0.55_r07,freq_percent,0.55,0.44999999999999996,7,all targets,0.06640094949597801,0.009349558980755523,98.83540372670807
freq_percent_rm0.55_r07,freq_percent,0.55,0.44999999999999996,7,target1,0.06531970798119675,0.01020819194837593,98.83540372670807
freq_percent_rm0.55_r07,freq_percent,0.55,0.44999999999999996,7,target2,0.04258183494976751,0.007664094266537692,99.06832298136646
freq_percent_rm0.55_r07,freq_percent,0.55,0.44999999999999996,7,target3,0.03135600392865628,0.0008268317465974273,99.84472049689441
freq_percent_rm0.55_r07,freq_percent,0.55,0.44999999999999996,7,target4,0.1263462511242915,0.018699117961511046,97.59316770186336
