run_id,strat,remove_frac,keep_frac,repeat_id,target,initial_mae_ms,adjusted_mae_ms,adjusted_accuracy_pct
freq_percent_rm0.2_r02,freq_percent,0.2,0.8,2,all targets,0.058694388795427974,0.009926980277757893,98.7991266375546
freq_percent_rm0.2_r02,freq_percent,0.2,0.8,2,target1,0.05796998753191591,0.008818020318801155,98.99563318777292
freq_percent_rm0.2_r02,freq_percent,0.2,0.8,2,target2,0.03704283991934522,0.008048902927911805,98.99563318777292
freq_percent_rm0.2_r02,freq_percent,0.2,0.8,2,target3,0.030478512420359368,0.003094356014508316,99.6943231441048
freq_percent_rm0.2_r02,freq_percent,0.2,0.8,2,target4,0.1092862153100914,0.019746641849810294,97.5109170305677
