run_id,strat,remove_frac,keep_frac,repeat_id,target,initial_mae_ms,adjusted_mae_ms,adjusted_accuracy_pct
freq_percent_rm0.15_r08,freq_percent,0.15,0.85,8,all targets,0.05898303378593783,0.009886599814333374,98.77773212818406
freq_percent_rm0.15_r08,freq_percent,0.15,0.85,8,target1,0.056357826005451014,0.009928670451841176,98.93179950698439
freq_percent_rm0.15_r08,freq_percent,0.15,0.85,8,target2,0.03732506959692157,0.007320290926357477,99.0139687756779
freq_percent_rm0.15_r08,freq_percent,0.15,0.85,8,target3,0.031670775915873035,0.0033488227456210068,99.58915365653246
freq_percent_rm0.15_r08,freq_percent,0.15,0.85,8,target4,0.1105784636255057,0.018948615133513837,97.57600657354149
