run_id,strat,remove_frac,keep_frac,repeat_id,target,initial_mae_ms,adjusted_mae_ms,adjusted_accuracy_pct
freq_percent_rm0.3_r06,freq_percent,0.3,0.7,6,all targets,0.06045937114181758,0.00950965949198043,98.79052369077307
freq_percent_rm0.3_r06,freq_percent,0.3,0.7,6,target1,0.057977258084297455,0.008641430644699726,99.00249376558602
freq_percent_rm0.3_r06,freq_percent,0.3,0.7,6,target2,0.03801820905386807,0.006945830778245643,99.00249376558602
freq_percent_rm0.3_r06,freq_percent,0.3,0.7,6,target3,0.032236826376681245,0.0033094840766935123,99.6009975062344
freq_percent_rm0.3_r06,freq_percent,0.3,0.7,6,target4,0.1136051910524236,0.019141892468282844,97.55610972568579
