run_id,strat,remove_frac,keep_frac,repeat_id,target,initial_mae_ms,adjusted_mae_ms,adjusted_accuracy_pct
freq_percent_rm0.95_r07,freq_percent,0.95,0.050000000000000044,7,all targets,0.15768157313997477,0.03021872110130307,96.32867132867133
freq_percent_rm0.95_r07,freq_percent,0.95,0.050000000000000044,7,target1,0.1437895544346364,0.022341803278688524,96.5034965034965
freq_percent_rm0.95_r07,freq_percent,0.95,0.050000000000000044,7,target2,0.13290508617065994,0.02291467002942413,97.2027972027972
freq_percent_rm0.95_r07,freq_percent,0.95,0.050000000000000044,7,target3,0.1598298234552333,0.04726150693568726,95.1048951048951
freq_percent_rm0.95_r07,freq_percent,0.95,0.050000000000000044,7,target4,0.1942018284993695,0.028356904161412358,96.5034965034965
