run_id,strat,remove_frac,keep_frac,repeat_id,target,initial_mae_ms,adjusted_mae_ms,adjusted_accuracy_pct
freq_percent_rm0.6_r05,freq_percent,0.6,0.4,5,all targets,0.06800428651537929,0.008800133867850241,98.88646288209607
freq_percent_rm0.6_r05,freq_percent,0.6,0.4,5,target1,0.06707419106593171,0.007941584222206314,99.12663755458514
freq_percent_rm0.6_r05,freq_percent,0.6,0.4,5,target2,0.04278439067458897,0.0066537597537404255,99.12663755458514
freq_percent_rm0.6_r05,freq_percent,0.6,0.4,5,target3,0.03609485801894671,0.0023610115255207962,99.65065502183405
freq_percent_rm0.6_r05,freq_percent,0.6,0.4,5,target4,0.12606370630204977,0.018244179969933425,97.64192139737992
