run_id,strat,remove_frac,keep_frac,repeat_id,target,initial_mae_ms,adjusted_mae_ms,adjusted_accuracy_pct
freq_percent_rm0.8_r01,freq_percent,0.8,0.19999999999999996,1,all targets,0.07977544416788258,0.010776118466226075,98.73472949389179
freq_percent_rm0.8_r01,freq_percent,0.8,0.19999999999999996,1,target1,0.07727352611602246,0.009364321851247867,99.12739965095986
freq_percent_rm0.8_r01,freq_percent,0.8,0.19999999999999996,1,target2,0.058044498803154716,0.009221355105427287,98.95287958115183
freq_percent_rm0.8_r01,freq_percent,0.8,0.19999999999999996,1,target3,0.049252043935189165,0.0043604857475276326,99.47643979057592
freq_percent_rm0.8_r01,freq_percent,0.8,0.19999999999999996,1,target4,0.134531707817164,0.020158311160701516,97.38219895287958
