run_id,strat,remove_frac,keep_frac,repeat_id,target,initial_mae_ms,adjusted_mae_ms,adjusted_accuracy_pct
freq_percent_rm0.15_r07,freq_percent,0.15,0.85,7,all targets,0.05833935303206847,0.008590824179093084,98.94207066557108
freq_percent_rm0.15_r07,freq_percent,0.15,0.85,7,target1,0.05746849083565698,0.008952631661660179,99.05505341002466
freq_percent_rm0.15_r07,freq_percent,0.15,0.85,7,target2,0.0360461222166844,0.00580574797607662,99.26047658175843
freq_percent_rm0.15_r07,freq_percent,0.15,0.85,7,target3,0.029819667865529767,0.0014135734202621335,99.83566146261298
freq_percent_rm0.15_r07,freq_percent,0.15,0.85,7,target4,0.11002313121040272,0.01819134365837341,97.61709120788825
