run_id,strat,remove_frac,keep_frac,repeat_id,target,initial_mae_ms,adjusted_mae_ms,adjusted_accuracy_pct
freq_percent_rm0.5_r07,freq_percent,0.5,0.5,7,all targets,0.06639548643705925,0.010604685663560461,98.65572625698324
freq_percent_rm0.5_r07,freq_percent,0.5,0.5,7,target1,0.06784710558048662,0.012242226470678023,98.6731843575419
freq_percent_rm0.5_r07,freq_percent,0.5,0.5,7,target2,0.04150343600222853,0.008552396529749366,98.88268156424581
freq_percent_rm0.5_r07,freq_percent,0.5,0.5,7,target3,0.035496736098391185,0.0037756399395549043,99.51117318435753
freq_percent_rm0.5_r07,freq_percent,0.5,0.5,7,target4,0.12073466806713071,0.017848479714259548,97.55586592178771
