run_id,strat,remove_frac,keep_frac,repeat_id,target,initial_mae_ms,adjusted_mae_ms,adjusted_accuracy_pct
freq_percent_rm0.975_r06,freq_percent,0.975,0.025000000000000022,6,all targets,0.13539546523982998,0.04764441266317547,94.79166666666666
freq_percent_rm0.975_r06,freq_percent,0.975,0.025000000000000022,6,target1,0.10524437424104434,0.03925330714936248,95.83333333333334
freq_percent_rm0.975_r06,freq_percent,0.975,0.025000000000000022,6,target2,0.11605325591985428,0.042666638205828784,94.44444444444444
freq_percent_rm0.975_r06,freq_percent,0.975,0.025000000000000022,6,target3,0.13596435374924107,0.0642844015634487,93.05555555555556
freq_percent_rm0.975_r06,freq_percent,0.975,0.025000000000000022,6,target4,0.18431987704918035,0.04437330373406193,95.83333333333334
