run_id,strat,remove_frac,keep_frac,repeat_id,target,initial_mae_ms,adjusted_mae_ms,adjusted_accuracy_pct
freq_percent_rm0.8_r08,freq_percent,0.8,0.19999999999999996,8,all targets,0.07482522059384507,0.009060517516379138,98.86561954624781
freq_percent_rm0.8_r08,freq_percent,0.8,0.19999999999999996,8,target1,0.07319897386013599,0.00686240379938775,99.12739965095986
freq_percent_rm0.8_r08,freq_percent,0.8,0.19999999999999996,8,target2,0.0555425807512946,0.008220587884683241,98.95287958115183
freq_percent_rm0.8_r08,freq_percent,0.8,0.19999999999999996,8,target3,0.04810830996862454,0.005933119951553992,99.47643979057592
freq_percent_rm0.8_r08,freq_percent,0.8,0.19999999999999996,8,target4,0.12245101779532516,0.01522595842989157,97.90575916230367
