run_id,strat,remove_frac,keep_frac,repeat_id,target,initial_mae_ms,adjusted_mae_ms,adjusted_accuracy_pct
freq_percent_rm0.4_r07,freq_percent,0.4,0.6,7,all targets,0.06250687332216899,0.008428026974115281,98.9231664726426
freq_percent_rm0.4_r07,freq_percent,0.4,0.6,7,target1,0.06103465078850106,0.009131355957810899,99.0104772991851
freq_percent_rm0.4_r07,freq_percent,0.4,0.6,7,target2,0.0381228150823489,0.0059365734556002985,99.24330616996507
freq_percent_rm0.4_r07,freq_percent,0.4,0.6,7,target3,0.03235313324999841,0.0017165995534265922,99.76717112922002
freq_percent_rm0.4_r07,freq_percent,0.4,0.6,7,target4,0.11851689416782764,0.01692757892962334,97.67171129220024
