run_id,strat,remove_frac,keep_frac,repeat_id,target,initial_mae_ms,adjusted_mae_ms,adjusted_accuracy_pct
freq_percent_rm0.9_r06,freq_percent,0.9,0.09999999999999998,6,all targets,0.09932077290878522,0.010812859920134511,98.77622377622379
freq_percent_rm0.9_r06,freq_percent,0.9,0.09999999999999998,6,target1,0.0912290300546448,0.011314118327028163,98.6013986013986
freq_percent_rm0.9_r06,freq_percent,0.9,0.09999999999999998,6,target2,0.0899400798654897,0.009309084699453551,98.95104895104895
freq_percent_rm0.9_r06,freq_percent,0.9,0.09999999999999998,6,target3,0.07576162778478353,0.009738734762505254,99.3006993006993
freq_percent_rm0.9_r06,freq_percent,0.9,0.09999999999999998,6,target4,0.1403523539302228,0.012889501891551072,98.25174825174825
