run_id,strat,remove_frac,keep_frac,repeat_id,target,initial_mae_ms,adjusted_mae_ms,adjusted_accuracy_pct
freq_percent_rm0.7_r02,freq_percent,0.7,0.30000000000000004,2,all targets,0.0730405107187894,0.010717382128345243,98.68881118881119
freq_percent_rm0.7_r02,freq_percent,0.7,0.30000000000000004,2,target1,0.06931687683900799,0.008545262365139415,99.06759906759906
freq_percent_rm0.7_r02,freq_percent,0.7,0.30000000000000004,2,target2,0.04898010718789408,0.00716083438419504,99.06759906759906
freq_percent_rm0.7_r02,freq_percent,0.7,0.30000000000000004,2,target3,0.0426308340339078,0.0032939838167297185,99.65034965034964
freq_percent_rm0.7_r02,freq_percent,0.7,0.30000000000000004,2,target4,0.13123422481434777,0.023869447947316803,96.96969696969697
