run_id,strat,remove_frac,keep_frac,repeat_id,target,initial_mae_ms,adjusted_mae_ms,adjusted_accuracy_pct
freq_percent_rm0.85_r02,freq_percent,0.85,0.15000000000000002,2,all targets,0.08683705163233853,0.009810343106347204,98.77622377622379
freq_percent_rm0.85_r02,freq_percent,0.85,0.15000000000000002,2,target1,0.08258828989771612,0.009165868011769652,98.6013986013986
freq_percent_rm0.85_r02,freq_percent,0.85,0.15000000000000002,2,target2,0.06540228737564803,0.0017186002522068097,99.53379953379954
freq_percent_rm0.85_r02,freq_percent,0.85,0.15000000000000002,2,target3,0.058145975199663726,0.00544223413198823,99.53379953379954
freq_percent_rm0.85_r02,freq_percent,0.85,0.15000000000000002,2,target4,0.14121165405632619,0.02291467002942413,97.43589743589743
