run_id,strat,remove_frac,keep_frac,repeat_id,target,initial_mae_ms,adjusted_mae_ms,adjusted_accuracy_pct
freq_percent_rm0.6_r10,freq_percent,0.6,0.4,10,all targets,0.06956040774810891,0.009587137709690505,98.8646288209607
freq_percent_rm0.6_r10,freq_percent,0.6,0.4,10,target1,0.06721728267353903,0.00890745257355573,98.95196506550218
freq_percent_rm0.6_r10,freq_percent,0.6,0.4,10,target2,0.045181175102011605,0.009300954494475863,98.95196506550218
freq_percent_rm0.6_r10,freq_percent,0.6,0.4,10,target3,0.03684608895888515,0.003756154699692176,99.56331877729258
freq_percent_rm0.6_r10,freq_percent,0.6,0.4,10,target4,0.12899708425799986,0.016383989071038253,97.99126637554585
