run_id,strat,remove_frac,keep_frac,repeat_id,target,initial_mae_ms,adjusted_mae_ms,adjusted_accuracy_pct
freq_percent_rm0.85_r08,freq_percent,0.85,0.15000000000000002,8,all targets,0.09096646612722432,0.015729966197281772,98.48484848484848
freq_percent_rm0.85_r08,freq_percent,0.85,0.15000000000000002,8,target1,0.08726670169539022,0.01537192447807202,98.6013986013986
freq_percent_rm0.85_r08,freq_percent,0.85,0.15000000000000002,8,target2,0.06903044346364019,0.01737695810564663,98.36829836829837
freq_percent_rm0.85_r08,freq_percent,0.85,0.15000000000000002,8,target3,0.057955019616085186,0.006492489841670169,99.3006993006993
freq_percent_rm0.85_r08,freq_percent,0.85,0.15000000000000002,8,target4,0.14961369973378172,0.023678492363738264,97.66899766899768
