run_id,strat,remove_frac,keep_frac,repeat_id,target,initial_mae_ms,adjusted_mae_ms,adjusted_accuracy_pct
freq_percent_rm0.95_r06,freq_percent,0.95,0.050000000000000044,6,all targets,0.17479596731820093,0.06050905054644809,93.00699300699301
freq_percent_rm0.95_r06,freq_percent,0.95,0.050000000000000044,6,target1,0.16727709121479614,0.061010308953341745,92.3076923076923
freq_percent_rm0.95_r06,freq_percent,0.95,0.050000000000000044,6,target2,0.15180968894493485,0.05499520807061791,93.00699300699301
freq_percent_rm0.95_r06,freq_percent,0.95,0.050000000000000044,6,target3,0.17214645859604874,0.07905561160151324,92.3076923076923
freq_percent_rm0.95_r06,freq_percent,0.95,0.050000000000000044,6,target4,0.20795063051702395,0.046975073560319464,94.4055944055944
