run_id,strat,remove_frac,keep_frac,repeat_id,target,initial_mae_ms,adjusted_mae_ms,adjusted_accuracy_pct
freq_percent_rm0.3_r07,freq_percent,0.3,0.7,7,all targets,0.0597239302358857,0.007829381311066596,98.96508728179552
freq_percent_rm0.3_r07,freq_percent,0.3,0.7,7,target1,0.05987714709128817,0.007742558426338525,99.05236907730674
freq_percent_rm0.3_r07,freq_percent,0.3,0.7,7,target2,0.036731187468487254,0.0062512477004210785,99.15211970074813
freq_percent_rm0.3_r07,freq_percent,0.3,0.7,7,target3,0.03078637347887113,0.0018590311788833928,99.75062344139651
freq_percent_rm0.3_r07,freq_percent,0.3,0.7,7,target4,0.11150101290489624,0.015464687938623387,97.90523690773068
