run_id,strat,remove_frac,keep_frac,repeat_id,target,initial_mae_ms,adjusted_mae_ms,adjusted_accuracy_pct
freq_percent_rm0.85_r09,freq_percent,0.85,0.15000000000000002,9,all targets,0.08511845138013172,0.01112316274344963,98.77622377622379
freq_percent_rm0.85_r09,freq_percent,0.85,0.15000000000000002,9,target1,0.08316115664845174,0.012221157349026202,98.6013986013986
freq_percent_rm0.85_r09,freq_percent,0.85,0.15000000000000002,9,target2,0.06244247583018075,0.008974912428191116,98.83449883449883
freq_percent_rm0.85_r09,freq_percent,0.85,0.15000000000000002,9,target3,0.05499520807061791,0.005919623090934566,99.53379953379954
freq_percent_rm0.85_r09,freq_percent,0.85,0.15000000000000002,9,target4,0.13987496497127644,0.01737695810564663,98.13519813519814
