run_id,strat,remove_frac,keep_frac,repeat_id,target,initial_mae_ms,adjusted_mae_ms,adjusted_accuracy_pct
freq_percent_rm0.15_r04,freq_percent,0.15,0.85,4,all targets,0.05799437380450449,0.008586617115342305,98.89071487263763
freq_percent_rm0.15_r04,freq_percent,0.15,0.85,4,target1,0.05758628862067882,0.00844778401156656,99.05505341002466
freq_percent_rm0.15_r04,freq_percent,0.15,0.85,4,target2,0.03535616376155646,0.005082133010942433,99.21939194741168
freq_percent_rm0.15_r04,freq_percent,0.15,0.85,4,target3,0.03061059585067644,0.0027093490555024223,99.63023829087922
freq_percent_rm0.15_r04,freq_percent,0.15,0.85,4,target4,0.10842444698510625,0.018107202383357807,97.65817584223501
