run_id,strat,remove_frac,keep_frac,repeat_id,target,initial_mae_ms,adjusted_mae_ms,adjusted_accuracy_pct
freq_percent_rm0.45_r06,freq_percent,0.45,0.55,6,all targets,0.06475576632838928,0.009596336455893834,98.77777777777777
freq_percent_rm0.45_r06,freq_percent,0.45,0.55,6,target1,0.064417684014225,0.009752374447046578,98.85714285714286
freq_percent_rm0.45_r06,freq_percent,0.45,0.55,6,target2,0.03737109888108249,0.005539348685922456,99.17460317460318
freq_percent_rm0.45_r06,freq_percent,0.45,0.55,6,target3,0.030479420938502904,0.0012743102610807528,99.80952380952381
freq_percent_rm0.45_r06,freq_percent,0.45,0.55,6,target4,0.12675486147974674,0.021819312429525544,97.26984126984128
