run_id,strat,remove_frac,keep_frac,repeat_id,target,initial_mae_ms,adjusted_mae_ms,adjusted_accuracy_pct
freq_percent_rm0.8_r06,freq_percent,0.8,0.19999999999999996,6,all targets,0.08199142872810156,0.012902748810307174,98.56020942408377
freq_percent_rm0.8_r06,freq_percent,0.8,0.19999999999999996,6,target1,0.08127659499899866,0.01143733966564625,98.77835951134381
freq_percent_rm0.8_r06,freq_percent,0.8,0.19999999999999996,6,target2,0.05911674939680905,0.006576470307746593,99.47643979057592
freq_percent_rm0.8_r06,freq_percent,0.8,0.19999999999999996,6,target3,0.04839424346026569,0.004503452493348211,99.47643979057592
freq_percent_rm0.8_r06,freq_percent,0.8,0.19999999999999996,6,target4,0.1391781270563328,0.029093732774487645,96.50959860383944
