run_id,strat,remove_frac,keep_frac,repeat_id,target,initial_mae_ms,adjusted_mae_ms,adjusted_accuracy_pct
freq_percent_rm0.55_r08,freq_percent,0.55,0.44999999999999996,8,all targets,0.06562181958091505,0.010303595611444862,98.71894409937887
freq_percent_rm0.55_r08,freq_percent,0.55,0.44999999999999996,8,target1,0.06671896170620778,0.011353035905203137,98.75776397515527
freq_percent_rm0.55_r08,freq_percent,0.55,0.44999999999999996,8,target2,0.042709039833859416,0.008808938223364898,98.83540372670807
freq_percent_rm0.55_r08,freq_percent,0.55,0.44999999999999996,8,target3,0.03447252358890812,0.0027349050079761056,99.61180124223603
freq_percent_rm0.55_r08,freq_percent,0.55,0.44999999999999996,8,target4,0.11858675319468487,0.018317503309235313,97.67080745341616
