run_id,strat,remove_frac,keep_frac,repeat_id,target,initial_mae_ms,adjusted_mae_ms,adjusted_accuracy_pct
freq_percent_rm0.1_r07,freq_percent,0.1,0.9,7,all targets,0.05770873915373703,0.008511472785740186,98.93286767559178
freq_percent_rm0.1_r07,freq_percent,0.1,0.9,7,target1,0.05706104071112469,0.00921877537951318,98.9522700814901
freq_percent_rm0.1_r07,freq_percent,0.1,0.9,7,target2,0.037320145846718875,0.007454492505158072,99.10748932867676
freq_percent_rm0.1_r07,freq_percent,0.1,0.9,7,target3,0.030342486550845964,0.0020185939193071963,99.72836631742335
freq_percent_rm0.1_r07,freq_percent,0.1,0.9,7,target4,0.1061112835062586,0.015354029338982297,97.94334497477686
