run_id,strat,remove_frac,keep_frac,repeat_id,target,initial_mae_ms,adjusted_mae_ms,adjusted_accuracy_pct
freq_percent_rm0.7_r06,freq_percent,0.7,0.30000000000000004,6,all targets,0.06798018775395824,0.007972395614403811,99.009324009324
freq_percent_rm0.7_r06,freq_percent,0.7,0.30000000000000004,6,target1,0.06506811510438561,0.006349273153986269,99.18414918414918
freq_percent_rm0.7_r06,freq_percent,0.7,0.30000000000000004,6,target2,0.044015262014852174,0.0038668505674653215,99.41724941724942
freq_percent_rm0.7_r06,freq_percent,0.7,0.30000000000000004,6,target3,0.036902166526551775,0.003150767129045818,99.65034965034964
freq_percent_rm0.7_r06,freq_percent,0.7,0.30000000000000004,6,target4,0.12593520737004343,0.018522691607117836,97.78554778554779
