run_id,strat,remove_frac,keep_frac,repeat_id,target,initial_mae_ms,adjusted_mae_ms,adjusted_accuracy_pct
freq_percent_rm0.6_r03,freq_percent,0.6,0.4,3,all targets,0.06557172918605483,0.008665985485718376,98.97379912663754
freq_percent_rm0.6_r03,freq_percent,0.6,0.4,3,target1,0.06342535507194502,0.007047261674660558,99.21397379912665
freq_percent_rm0.6_r03,freq_percent,0.6,0.4,3,target2,0.042426661655570665,0.007512309399384352,99.12663755458514
freq_percent_rm0.6_r03,freq_percent,0.6,0.4,3,target3,0.035987539313241224,0.004185429522514139,99.47598253275109
freq_percent_rm0.6_r03,freq_percent,0.6,0.4,3,target4,0.12044736070346244,0.01591894134631446,98.07860262008734
