run_id,strat,remove_frac,keep_frac,repeat_id,target,initial_mae_ms,adjusted_mae_ms,adjusted_accuracy_pct
freq_percent_rm0.95_r08,freq_percent,0.95,0.050000000000000044,8,all targets,0.1702130333123161,0.06602289302227828,93.00699300699301
freq_percent_rm0.95_r08,freq_percent,0.95,0.050000000000000044,8,target1,0.18303092686002523,0.09223154686843212,90.20979020979021
freq_percent_rm0.95_r08,freq_percent,0.95,0.050000000000000044,8,target2,0.15238255569567047,0.07447267759562841,91.6083916083916
freq_percent_rm0.95_r08,freq_percent,0.95,0.050000000000000044,8,target3,0.16899569146700294,0.06645254308532997,93.7062937062937
freq_percent_rm0.95_r08,freq_percent,0.95,0.050000000000000044,8,target4,0.17644295922656578,0.030934804539722572,96.5034965034965
