run_id,strat,remove_frac,keep_frac,repeat_id,target,initial_mae_ms,adjusted_mae_ms,adjusted_accuracy_pct
freq_percent_rm0.85_r01,freq_percent,0.85,0.15000000000000002,1,all targets,0.09304310809864089,0.018451083263275887,98.01864801864801
freq_percent_rm0.85_r01,freq_percent,0.85,0.15000000000000002,1,target1,0.08955816869833264,0.022628236654056326,97.43589743589743
freq_percent_rm0.85_r01,freq_percent,0.85,0.15000000000000002,1,target2,0.07313598851057868,0.014226190976600814,98.36829836829837
freq_percent_rm0.85_r01,freq_percent,0.85,0.15000000000000002,1,target3,0.06568872075101584,0.006587967633459437,99.53379953379954
freq_percent_rm0.85_r01,freq_percent,0.85,0.15000000000000002,1,target4,0.1437895544346364,0.03036193778898697,96.73659673659674
