run_id,strat,remove_frac,keep_frac,repeat_id,target,initial_mae_ms,adjusted_mae_ms,adjusted_accuracy_pct
freq_percent_rm0.05_r05,freq_percent,0.05,0.95,5,all targets,0.0569336090811837,0.009114346861439247,98.86948529411764
freq_percent_rm0.05_r05,freq_percent,0.05,0.95,5,target1,0.056229609550787533,0.00956234656260045,98.93382352941177
freq_percent_rm0.05_r05,freq_percent,0.05,0.95,5,target2,0.03681879896938284,0.00761975962311154,99.08088235294117
freq_percent_rm0.05_r05,freq_percent,0.05,0.95,5,target3,0.031186802726213436,0.0018672928720668595,99.74264705882354
freq_percent_rm0.05_r05,freq_percent,0.05,0.95,5,target4,0.10349922507835102,0.017407988387978142,97.72058823529412
