run_id,strat,remove_frac,keep_frac,repeat_id,target,initial_mae_ms,adjusted_mae_ms,adjusted_accuracy_pct
freq_percent_rm0.65_r06,freq_percent,0.65,0.35,6,all targets,0.07033097104970387,0.009882308777254234,98.65269461077844
freq_percent_rm0.65_r06,freq_percent,0.65,0.35,6,target1,0.06769432610189458,0.008257399681511294,99.00199600798403
freq_percent_rm0.65_r06,freq_percent,0.65,0.35,6,target2,0.04549745468080233,0.006377001734236445,99.00199600798403
freq_percent_rm0.65_r06,freq_percent,0.65,0.35,6,target3,0.03503263132205534,0.0005314168111863704,99.9001996007984
freq_percent_rm0.65_r06,freq_percent,0.65,0.35,6,target4,0.13309947209406325,0.02436341688208283,96.7065868263473
