run_id,strat,remove_frac,keep_frac,repeat_id,target,initial_mae_ms,adjusted_mae_ms,adjusted_accuracy_pct
freq_percent_rm0.45_r09,freq_percent,0.45,0.55,9,all targets,0.062239653721051266,0.008113975539942754,99.0
freq_percent_rm0.45_r09,freq_percent,0.45,0.55,9,target1,0.06215513314251019,0.007801899557637262,99.11111111111111
freq_percent_rm0.45_r09,freq_percent,0.45,0.55,9,target2,0.04122003599618354,0.0065275892965565106,99.17460317460318
freq_percent_rm0.45_r09,freq_percent,0.45,0.55,9,target3,0.03245590215977102,0.0020284938849856886,99.80952380952381
freq_percent_rm0.45_r09,freq_percent,0.45,0.55,9,target4,0.11312754358574031,0.016097919420591553,97.90476190476191
