run_id,strat,remove_frac,keep_frac,repeat_id,target,initial_mae_ms,adjusted_mae_ms,adjusted_accuracy_pct
freq_percent_rm0.9_r01,freq_percent,0.9,0.09999999999999998,1,all targets,0.1069828656998739,0.014142647908785203,98.42657342657343
freq_percent_rm0.9_r01,freq_percent,0.9,0.09999999999999998,1,target1,0.09437979718369063,0.010168384825556957,98.95104895104895
freq_percent_rm0.9_r01,freq_percent,0.9,0.09999999999999998,1,target2,0.09180189680538041,0.012030201765447668,98.6013986013986
freq_percent_rm0.9_r01,freq_percent,0.9,0.09999999999999998,1,target3,0.08005812841530055,0.009452301387137454,98.95104895104895
freq_percent_rm0.9_r01,freq_percent,0.9,0.09999999999999998,1,target4,0.16169164039512401,0.02491970365699874,97.2027972027972
