run_id,strat,remove_frac,keep_frac,repeat_id,target,initial_mae_ms,adjusted_mae_ms,adjusted_accuracy_pct
freq_percent_rm0.7_r08,freq_percent,0.7,0.30000000000000004,8,all targets,0.06912592125542945,0.008258828989771613,98.92191142191142
freq_percent_rm0.7_r08,freq_percent,0.7,0.30000000000000004,8,target1,0.06587967633459436,0.007351789967773575,99.18414918414918
freq_percent_rm0.7_r08,freq_percent,0.7,0.30000000000000004,8,target2,0.042344400658540005,0.004726150693568727,99.41724941724942
freq_percent_rm0.7_r08,freq_percent,0.7,0.30000000000000004,8,target3,0.03943232800896736,0.0006206056466302369,99.88344988344988
freq_percent_rm0.7_r08,freq_percent,0.7,0.30000000000000004,8,target4,0.1288472800196161,0.020336769651113914,97.2027972027972
