run_id,strat,remove_frac,keep_frac,repeat_id,target,initial_mae_ms,adjusted_mae_ms,adjusted_accuracy_pct
freq_percent_rm0.2_r03,freq_percent,0.2,0.8,3,all targets,0.059266755225857254,0.008947697088195289,98.91921397379913
freq_percent_rm0.2_r03,freq_percent,0.2,0.8,3,target1,0.059222039098479964,0.01030259574772711,98.90829694323145
freq_percent_rm0.2_r03,freq_percent,0.2,0.8,3,target2,0.03779407085928366,0.006367576538525784,99.21397379912665
freq_percent_rm0.2_r03,freq_percent,0.2,0.8,3,target3,0.029584189872813613,0.001323597370367719,99.82532751091703
freq_percent_rm0.2_r03,freq_percent,0.2,0.8,3,target4,0.1104667210728518,0.017797018696160547,97.7292576419214
