run_id,strat,remove_frac,keep_frac,repeat_id,target,initial_mae_ms,adjusted_mae_ms,adjusted_accuracy_pct
freq_percent_rm0.45_r08,freq_percent,0.45,0.55,8,all targets,0.06152447959493452,0.00806846445918987,98.93650793650794
freq_percent_rm0.45_r08,freq_percent,0.45,0.55,8,target1,0.059294436638043194,0.006605608292132882,99.23809523809524
freq_percent_rm0.45_r08,freq_percent,0.45,0.55,8,target2,0.038385345823575334,0.005435323358487293,99.17460317460318
freq_percent_rm0.45_r08,freq_percent,0.45,0.55,8,target3,0.032767978142076506,0.0015603799115274527,99.74603174603175
freq_percent_rm0.45_r08,freq_percent,0.45,0.55,8,target4,0.11565015777604302,0.01867254627461185,97.5873015873016
