run_id,strat,remove_frac,keep_frac,repeat_id,target,initial_mae_ms,adjusted_mae_ms,adjusted_accuracy_pct
freq_percent_rm0.1_r08,freq_percent,0.1,0.9,8,all targets,0.057223958724297114,0.008853203252394554,98.88436166084594
freq_percent_rm0.1_r08,freq_percent,0.1,0.9,8,target1,0.05677494078555358,0.009075725416727631,98.99107489328676
freq_percent_rm0.1_r08,freq_percent,0.1,0.9,8,target2,0.03749498469012343,0.007756486871038676,99.0686845168801
freq_percent_rm0.1_r08,freq_percent,0.1,0.9,8,target3,0.03078753087951212,0.0025431104495208775,99.65075669383003
freq_percent_rm0.1_r08,freq_percent,0.1,0.9,8,target4,0.10383837854199933,0.01603749027229103,97.82693053938688
