run_id,strat,remove_frac,keep_frac,repeat_id,target,initial_mae_ms,adjusted_mae_ms,adjusted_accuracy_pct
freq_percent_rm0.35_r04,freq_percent,0.35,0.65,4,all targets,0.061847137680840256,0.008726829213684398,98.84470714669533
freq_percent_rm0.35_r04,freq_percent,0.35,0.65,4,target1,0.061164838297172626,0.009354104453507869,98.87157442235358
freq_percent_rm0.35_r04,freq_percent,0.35,0.65,4,target2,0.038098717197699104,0.006272752398234689,99.19398173025256
freq_percent_rm0.35_r04,freq_percent,0.35,0.65,4,target3,0.03156184890901243,0.0019148402057769047,99.73132724341752
freq_percent_rm0.35_r04,freq_percent,0.35,0.65,4,target4,0.11656314631947687,0.017365619797218134,97.58194519075765
