run_id,strat,remove_frac,keep_frac,repeat_id,target,initial_mae_ms,adjusted_mae_ms,adjusted_accuracy_pct
freq_percent_rm0.7_r01,freq_percent,0.7,0.30000000000000004,1,all targets,0.07798148644388399,0.01282982827168278,98.51398601398601
freq_percent_rm0.7_r01,freq_percent,0.7,0.30000000000000004,1,target1,0.07862596153846155,0.013701063121759843,98.6013986013986
freq_percent_rm0.7_r01,freq_percent,0.7,0.30000000000000004,1,target2,0.05055549075241698,0.010693512680397926,98.71794871794873
freq_percent_rm0.7_r01,freq_percent,0.7,0.30000000000000004,1,target3,0.041532839428331234,0.00238694479473168,99.65034965034964
freq_percent_rm0.7_r01,freq_percent,0.7,0.30000000000000004,1,target4,0.14121165405632619,0.024537792489841673,97.08624708624708
