run_id,strat,remove_frac,keep_frac,repeat_id,target,initial_mae_ms,adjusted_mae_ms,adjusted_accuracy_pct
freq_percent_rm0.6_r02,freq_percent,0.6,0.4,2,all targets,0.06579530982294128,0.008317199692175531,98.90829694323145
freq_percent_rm0.6_r02,freq_percent,0.6,0.4,2,target1,0.060778160331209585,0.007011488772758727,99.21397379912665
freq_percent_rm0.6_r02,freq_percent,0.6,0.4,2,target2,0.03981523981673706,0.005151297873863555,99.21397379912665
freq_percent_rm0.6_r02,freq_percent,0.6,0.4,2,target3,0.03655990574367051,0.002182147016011645,99.73799126637554
freq_percent_rm0.6_r02,freq_percent,0.6,0.4,2,target4,0.12602793340014795,0.0189238651060682,97.46724890829694
