run_id,strat,remove_frac,keep_frac,repeat_id,target,initial_mae_ms,adjusted_mae_ms,adjusted_accuracy_pct
freq_percent_rm0.3_r04,freq_percent,0.3,0.7,4,all targets,0.060995630135726266,0.008815076414155867,98.90274314214463
freq_percent_rm0.3_r04,freq_percent,0.3,0.7,4,target1,0.060571730169112735,0.0092747269803633,99.00249376558602
freq_percent_rm0.3_r04,freq_percent,0.3,0.7,4,target2,0.038896652358175604,0.007231835574996934,99.05236907730674
freq_percent_rm0.3_r04,freq_percent,0.3,0.7,4,target3,0.03268626248586185,0.0021450359756346837,99.75062344139651
freq_percent_rm0.3_r04,freq_percent,0.3,0.7,4,target4,0.11182787552975486,0.016608707125628553,97.80548628428927
