run_id,strat,remove_frac,keep_frac,repeat_id,target,initial_mae_ms,adjusted_mae_ms,adjusted_accuracy_pct
freq_percent_rm0.85_r03,freq_percent,0.85,0.15000000000000002,3,all targets,0.08585840426649853,0.01312819637102424,98.54312354312354
freq_percent_rm0.85_r03,freq_percent,0.85,0.15000000000000002,3,target1,0.07886465601793471,0.008974912428191116,99.3006993006993
freq_percent_rm0.85_r03,freq_percent,0.85,0.15000000000000002,3,target2,0.06330177595628415,0.012221157349026202,98.6013986013986
freq_percent_rm0.85_r03,freq_percent,0.85,0.15000000000000002,3,target3,0.055186163654196436,0.007351789967773575,99.06759906759906
freq_percent_rm0.85_r03,freq_percent,0.85,0.15000000000000002,3,target4,0.1460810214375788,0.023964925739106066,97.2027972027972
