run_id,strat,remove_frac,keep_frac,repeat_id,target,initial_mae_ms,adjusted_mae_ms,adjusted_accuracy_pct
freq_percent_rm0.9_r03,freq_percent,0.9,0.09999999999999998,3,all targets,0.10372468605506516,0.012173418453131567,98.25174825174825
freq_percent_rm0.9_r03,freq_percent,0.9,0.09999999999999998,3,target1,0.10096776481715007,0.011743768390079866,98.25174825174825
freq_percent_rm0.9_r03,freq_percent,0.9,0.09999999999999998,3,target2,0.08507071248423709,0.006874401008827239,98.95104895104895
freq_percent_rm0.9_r03,freq_percent,0.9,0.09999999999999998,3,target3,0.08750539617486339,0.016899569146700294,97.9020979020979
freq_percent_rm0.9_r03,freq_percent,0.9,0.09999999999999998,3,target4,0.1413548707440101,0.013175935266918874,97.9020979020979
