run_id,strat,remove_frac,keep_frac,repeat_id,target,initial_mae_ms,adjusted_mae_ms,adjusted_accuracy_pct
freq_percent_rm0.3_r09,freq_percent,0.3,0.7,9,all targets,0.061348028903151955,0.00936154986509137,98.89027431421447
freq_percent_rm0.3_r09,freq_percent,0.3,0.7,9,target1,0.06032658320046877,0.010929469018710055,98.90274314214463
freq_percent_rm0.3_r09,freq_percent,0.3,0.7,9,target2,0.038406358420887673,0.007803845168499517,99.05236907730674
freq_percent_rm0.3_r09,freq_percent,0.3,0.7,9,target3,0.03127666741615906,0.001716028780507747,99.80049875311721
freq_percent_rm0.3_r09,freq_percent,0.3,0.7,9,target4,0.11538250657509232,0.01699685649264816,97.80548628428927
