run_id,strat,remove_frac,keep_frac,repeat_id,target,initial_mae_ms,adjusted_mae_ms,adjusted_accuracy_pct
freq_percent_rm0.75_r01,freq_percent,0.75,0.25,1,all targets,0.07672117959226565,0.011586230033627576,98.7062937062937
freq_percent_rm0.75_r01,freq_percent,0.75,0.25,1,target1,0.07579027112232031,0.01632670239596469,98.32167832167832
freq_percent_rm0.75_r01,freq_percent,0.75,0.25,1,target2,0.05379218789407314,0.009337728036990333,99.02097902097901
freq_percent_rm0.75_r01,freq_percent,0.75,0.25,1,target3,0.04061625262715427,0.0021196069777217317,99.72027972027972
freq_percent_rm0.75_r01,freq_percent,0.75,0.25,1,target4,0.13668600672551492,0.018560882723833546,97.76223776223776
