run_id,strat,remove_frac,keep_frac,repeat_id,target,initial_mae_ms,adjusted_mae_ms,adjusted_accuracy_pct
freq_percent_rm0.8_r02,freq_percent,0.8,0.19999999999999996,2,all targets,0.07909635212523485,0.009703867872571739,98.73472949389179
freq_percent_rm0.8_r02,freq_percent,0.8,0.19999999999999996,2,target1,0.07555792516617553,0.009221355105427287,98.95287958115183
freq_percent_rm0.8_r02,freq_percent,0.8,0.19999999999999996,2,target2,0.05597148098875633,0.005718669832823125,99.12739965095986
freq_percent_rm0.8_r02,freq_percent,0.8,0.19999999999999996,2,target3,0.04732199286661136,0.0010722505936543358,99.82547993019197
freq_percent_rm0.8_r02,freq_percent,0.8,0.19999999999999996,2,target4,0.13753400947939615,0.02280319595838221,97.03315881326353
