run_id,strat,remove_frac,keep_frac,repeat_id,target,initial_mae_ms,adjusted_mae_ms,adjusted_accuracy_pct
freq_percent_rm0.15_r09,freq_percent,0.15,0.85,9,all targets,0.058692746387134,0.009091464765435923,98.87017255546425
freq_percent_rm0.15_r09,freq_percent,0.15,0.85,9,target1,0.057619945130685066,0.008548753541585285,99.0961380443714
freq_percent_rm0.15_r09,freq_percent,0.15,0.85,9,target2,0.037644806441980865,0.007269806161348115,99.0961380443714
freq_percent_rm0.15_r09,freq_percent,0.15,0.85,9,target3,0.03042548504564211,0.0018679363053463907,99.75349219391948
freq_percent_rm0.15_r09,freq_percent,0.15,0.85,9,target4,0.10908074893022797,0.018679363053463908,97.53492193919475
