run_id,strat,remove_frac,keep_frac,repeat_id,target,initial_mae_ms,adjusted_mae_ms,adjusted_accuracy_pct
freq_percent_rm0.9_r07,freq_percent,0.9,0.09999999999999998,7,all targets,0.10794957834174022,0.021088657261454393,97.72727272727273
freq_percent_rm0.9_r07,freq_percent,0.9,0.09999999999999998,7,target1,0.09824664775115596,0.028500120849096262,97.2027972027972
freq_percent_rm0.9_r07,freq_percent,0.9,0.09999999999999998,7,target2,0.09867629781420766,0.015467402269861286,98.6013986013986
freq_percent_rm0.9_r07,freq_percent,0.9,0.09999999999999998,7,target3,0.07905561160151324,0.009165868011769652,98.95104895104895
freq_percent_rm0.9_r07,freq_percent,0.9,0.09999999999999998,7,target4,0.15581975620008406,0.031221237915090374,96.15384615384616
