run_id,strat,remove_frac,keep_frac,repeat_id,target,initial_mae_ms,adjusted_mae_ms,adjusted_accuracy_pct
freq_percent_rm0.4_r10,freq_percent,0.4,0.6,10,all targets,0.06342477725004293,0.011062530455415817,98.60302677532013
freq_percent_rm0.4_r10,freq_percent,0.4,0.6,10,target1,0.06251283373728507,0.011467838683308206,98.66123399301513
freq_percent_rm0.4_r10,freq_percent,0.4,0.6,10,target2,0.041341439245023766,0.009560505846167548,98.71944121071013
freq_percent_rm0.4_r10,freq_percent,0.4,0.6,10,target3,0.03263923317556951,0.0029325242371037617,99.70896391152503
freq_percent_rm0.4_r10,freq_percent,0.4,0.6,10,target4,0.11720560284229344,0.020289253055083747,97.32246798603028
