run_id,strat,remove_frac,keep_frac,repeat_id,target,initial_mae_ms,adjusted_mae_ms,adjusted_accuracy_pct
freq_percent_rm0.975_r05,freq_percent,0.975,0.025000000000000022,5,all targets,0.16981322005919855,0.06257773603521555,93.75
freq_percent_rm0.975_r05,freq_percent,0.975,0.025000000000000022,5,target1,0.17863099195506982,0.0642844015634487,93.05555555555556
freq_percent_rm0.975_r05,freq_percent,0.975,0.025000000000000022,5,target2,0.15416878605039466,0.07281772920461445,93.05555555555556
freq_percent_rm0.975_r05,freq_percent,0.975,0.025000000000000022,5,target3,0.13710213076806316,0.042666638205828784,95.83333333333334
freq_percent_rm0.975_r05,freq_percent,0.975,0.025000000000000022,5,target4,0.20935097146326653,0.07054217516697026,93.05555555555556
