run_id,strat,remove_frac,keep_frac,repeat_id,target,initial_mae_ms,adjusted_mae_ms,adjusted_accuracy_pct
freq_percent_rm0.65_r04,freq_percent,0.65,0.35,4,all targets,0.06696873776354395,0.007971252167795557,99.00199600798403
freq_percent_rm0.65_r04,freq_percent,0.65,0.35,4,target1,0.06524163312718824,0.005436802760599021,99.30139720558883
freq_percent_rm0.65_r04,freq_percent,0.65,0.35,4,target2,0.04206368451621347,0.003924308759530121,99.40119760479041
freq_percent_rm0.65_r04,freq_percent,0.65,0.35,4,target3,0.03981538262273268,0.005232411679373493,99.40119760479041
freq_percent_rm0.65_r04,freq_percent,0.65,0.35,4,target4,0.1207542507880414,0.017291485471679593,97.90419161676647
