run_id,strat,remove_frac,keep_frac,repeat_id,target,initial_mae_ms,adjusted_mae_ms,adjusted_accuracy_pct
freq_percent_rm0.55_r08,freq_percent,0.55,0.44999999999999996,8,all targets,0.12708813440377276,0.0694933299538095,94.3190975020145
freq_percent_rm0.55_r08,freq_percent,0.55,0.44999999999999996,8,target1,0.036075141125392444,0.008185393411799932,99.1941982272361
freq_percent_rm0.55_r08,freq_percent,0.55,0.44999999999999996,8,target2,0.04399648958842464,0.008152387793203965,98.87187751813053
freq_percent_rm0.55_r08,freq_percent,0.55,0.44999999999999996,8,target3,0.09231671521292102,0.02257584311964175,97.5825946817083
freq_percent_rm0.55_r08,freq_percent,0.55,0.44999999999999996,8,target4,0.07885042282576628,0.036141152362584375,95.64867042707495
freq_percent_rm0.55_r08,freq_percent,0.55,0.44999999999999996,8,target5,0.14060393521882142,0.06627528214070268,93.71474617244158
freq_percent_rm0.55_r08,freq_percent,0.55,0.44999999999999996,8,target6,0.3706861024513106,0.27562992089492433,80.90249798549557
