run_id,strat,remove_frac,keep_frac,repeat_id,target,initial_mae_ms,adjusted_mae_ms,adjusted_accuracy_pct
freq_percent_rm0.7_r02,freq_percent,0.7,0.30000000000000004,2,all targets,0.13737522476834876,0.06498949312589891,94.45787988714228
freq_percent_rm0.7_r02,freq_percent,0.7,0.30000000000000004,2,target1,0.04016751855082232,0.0030212313583232566,99.6372430471584
freq_percent_rm0.7_r02,freq_percent,0.7,0.30000000000000004,2,target2,0.05225244398411534,0.00406132739971323,99.39540507859735
freq_percent_rm0.7_r02,freq_percent,0.7,0.30000000000000004,2,target3,0.10024544703682414,0.01074765909436306,98.9117291414752
freq_percent_rm0.7_r02,freq_percent,0.7,0.30000000000000004,2,target4,0.09043882721800438,0.030955239327082548,95.88875453446191
freq_percent_rm0.7_r02,freq_percent,0.7,0.30000000000000004,2,target5,0.1526960045526328,0.08013692356995131,92.14026602176541
freq_percent_rm0.7_r02,freq_percent,0.7,0.30000000000000004,2,target6,0.38845110726769344,0.26101457800596006,80.7738814993954
