run_id,strat,remove_frac,keep_frac,repeat_id,target,initial_mae_ms,adjusted_mae_ms,adjusted_accuracy_pct
freq_percent_rm0.975_r04,freq_percent,0.975,0.025000000000000022,4,all targets,0.29404115651645946,0.13554387093793724,89.13043478260869
freq_percent_rm0.975_r04,freq_percent,0.975,0.025000000000000022,4,target1,0.10744572542963492,0.014246947018294131,98.55072463768117
freq_percent_rm0.975_r04,freq_percent,0.975,0.025000000000000022,4,target2,0.17452510097410312,0.02968113962144611,95.65217391304348
freq_percent_rm0.975_r04,freq_percent,0.975,0.025000000000000022,4,target3,0.28197082640373805,0.028493894036588262,97.10144927536231
freq_percent_rm0.975_r04,freq_percent,0.975,0.025000000000000022,4,target4,0.2166723192365566,0.0801390769779045,89.85507246376811
freq_percent_rm0.975_r04,freq_percent,0.975,0.025000000000000022,4,target5,0.3253052902510493,0.13593961946622318,86.95652173913044
freq_percent_rm0.975_r04,freq_percent,0.975,0.025000000000000022,4,target6,0.6583276768036747,0.5247625485071672,66.66666666666666
