run_id,strat,remove_frac,keep_frac,repeat_id,target,initial_mae_ms,adjusted_mae_ms,adjusted_accuracy_pct
freq_percent_rm0.5_r10,freq_percent,0.5,0.5,10,all targets,0.11779581216623011,0.06276172753282057,94.68213681411652
freq_percent_rm0.5_r10,freq_percent,0.5,0.5,10,target1,0.034306576100524254,0.00772269245552927,99.27483683828862
freq_percent_rm0.5_r10,freq_percent,0.5,0.5,10,target2,0.042623321821863465,0.010009797528897553,98.76722262509064
freq_percent_rm0.5_r10,freq_percent,0.5,0.5,10,target3,0.08866244992213412,0.023435401336202286,97.53444525018129
freq_percent_rm0.5_r10,freq_percent,0.5,0.5,10,target4,0.07710811390213071,0.03406895479420028,95.86656997824511
freq_percent_rm0.5_r10,freq_percent,0.5,0.5,10,target5,0.12285021536949639,0.057029113517754616,94.41624365482234
freq_percent_rm0.5_r10,freq_percent,0.5,0.5,10,target6,0.34122419588123176,0.2443044055643394,82.23350253807106
