run_id,strat,remove_frac,keep_frac,repeat_id,target,initial_mae_ms,adjusted_mae_ms,adjusted_accuracy_pct
freq_percent_rm0.4_r07,freq_percent,0.4,0.6,7,all targets,0.11258836397129635,0.06361789109834415,94.63242698892246
freq_percent_rm0.4_r07,freq_percent,0.4,0.6,7,target1,0.029006095455070744,0.005568576345896687,99.45619335347432
freq_percent_rm0.4_r07,freq_percent,0.4,0.6,7,target2,0.039598765126376445,0.009973938966206066,98.73111782477342
freq_percent_rm0.4_r07,freq_percent,0.4,0.6,7,target3,0.08060823626038004,0.021556577765671176,97.76435045317221
freq_percent_rm0.4_r07,freq_percent,0.4,0.6,7,target4,0.07048580192495006,0.03128302444983739,96.19335347432025
freq_percent_rm0.4_r07,freq_percent,0.4,0.6,7,target5,0.11659361406897463,0.06271454426889868,93.95770392749245
freq_percent_rm0.4_r07,freq_percent,0.4,0.6,7,target6,0.3392376709920262,0.25061068479355486,81.69184290030212
