run_id,strat,remove_frac,keep_frac,repeat_id,target,initial_mae_ms,adjusted_mae_ms,adjusted_accuracy_pct
freq_percent_rm0.3_r08,freq_percent,0.3,0.7,8,all targets,0.10338223607669884,0.060570725641765376,94.91890959282263
freq_percent_rm0.3_r08,freq_percent,0.3,0.7,8,target1,0.025674185772550883,0.006996268625055153,99.22360248447205
freq_percent_rm0.3_r08,freq_percent,0.3,0.7,8,target2,0.03347608533018814,0.008119911767867043,98.91304347826086
freq_percent_rm0.3_r08,freq_percent,0.3,0.7,8,target3,0.07288839858466552,0.020522387966828454,97.87784679089026
freq_percent_rm0.3_r08,freq_percent,0.3,0.7,8,target4,0.06360244204595594,0.03275525765366731,96.06625258799171
freq_percent_rm0.3_r08,freq_percent,0.3,0.7,8,target5,0.11066824915996334,0.058535447496294794,94.35817805383023
freq_percent_rm0.3_r08,freq_percent,0.3,0.7,8,target6,0.3139840555668692,0.23649508034087952,83.07453416149069
