run_id,strat,remove_frac,keep_frac,repeat_id,target,initial_mae_ms,adjusted_mae_ms,adjusted_accuracy_pct
freq_percent_rm0.15_r08,freq_percent,0.15,0.85,8,all targets,0.09733451929462758,0.059116856088410406,95.07462686567165
freq_percent_rm0.15_r08,freq_percent,0.15,0.85,8,target1,0.02330089703706293,0.008471465564449415,99.06183368869937
freq_percent_rm0.15_r08,freq_percent,0.15,0.85,8,target2,0.029588995187994457,0.007336114509420112,98.97654584221749
freq_percent_rm0.15_r08,freq_percent,0.15,0.85,8,target3,0.0647674109545947,0.01991231081128316,97.99573560767591
freq_percent_rm0.15_r08,freq_percent,0.15,0.85,8,target4,0.0602260067344775,0.0296064621273026,96.24733475479744
freq_percent_rm0.15_r08,freq_percent,0.15,0.85,8,target5,0.10314227661458517,0.05912558955806448,94.45628997867804
freq_percent_rm0.15_r08,freq_percent,0.15,0.85,8,target6,0.30298152923905064,0.2302491939599427,83.71002132196162
