run_id,strat,remove_frac,keep_frac,repeat_id,target,initial_mae_ms,adjusted_mae_ms,adjusted_accuracy_pct
freq_percent_rm0.8_r09,freq_percent,0.8,0.19999999999999996,9,all targets,0.16647409185178585,0.07044323803489877,93.78019323671496
freq_percent_rm0.8_r09,freq_percent,0.8,0.19999999999999996,9,target1,0.05105156014888731,0.003932750999841609,99.45652173913044
freq_percent_rm0.8_r09,freq_percent,0.8,0.19999999999999996,9,target2,0.06485329007285974,0.007346082056307912,98.73188405797102
freq_percent_rm0.8_r09,freq_percent,0.8,0.19999999999999996,9,target3,0.12903875450423696,0.01803129232002851,98.0072463768116
freq_percent_rm0.8_r09,freq_percent,0.8,0.19999999999999996,9,target4,0.10811355107111745,0.03042316811198226,96.19565217391305
freq_percent_rm0.8_r09,freq_percent,0.8,0.19999999999999996,9,target5,0.17467350667221035,0.05691358522412292,94.20289855072464
freq_percent_rm0.8_r09,freq_percent,0.8,0.19999999999999996,9,target6,0.47111388864140336,0.3060125494971094,76.08695652173914
