run_id,strat,remove_frac,keep_frac,repeat_id,target,initial_mae_ms,adjusted_mae_ms,adjusted_accuracy_pct
freq_percent_rm0.75_r05,freq_percent,0.75,0.25,5,all targets,0.14446800025078535,0.062142412654101004,94.83091787439614
freq_percent_rm0.75_r05,freq_percent,0.75,0.25,5,target1,0.05057666191494417,0.009913500633563001,98.98550724637681
freq_percent_rm0.75_r05,freq_percent,0.75,0.25,5,target2,0.06767299833689713,0.013831411063593887,98.40579710144928
freq_percent_rm0.75_r05,freq_percent,0.75,0.25,5,target3,0.11225407004830919,0.01852103112378237,97.97101449275362
freq_percent_rm0.75_r05,freq_percent,0.75,0.25,5,target4,0.08957767937752435,0.018105495169082126,97.82608695652173
freq_percent_rm0.75_r05,freq_percent,0.75,0.25,5,target5,0.15523236022016315,0.05627544072226182,94.78260869565217
freq_percent_rm0.75_r05,freq_percent,0.75,0.25,5,target6,0.3914942316068742,0.2562075972123228,81.01449275362319
