run_id,strat,remove_frac,keep_frac,repeat_id,target,initial_mae_ms,adjusted_mae_ms,adjusted_accuracy_pct
freq_percent_rm0.35_r08,freq_percent,0.35,0.65,8,all targets,0.10428840041011544,0.06287915493311878,94.72020821714074
freq_percent_rm0.35_r08,freq_percent,0.35,0.65,8,target1,0.028030053806698183,0.008543797981829762,99.10764082543224
freq_percent_rm0.35_r08,freq_percent,0.35,0.65,8,target2,0.03495190083475812,0.00847526484293808,99.05186837702176
freq_percent_rm0.35_r08,freq_percent,0.35,0.65,8,target3,0.06775642998424353,0.02135949495457441,97.76910206358059
freq_percent_rm0.35_r08,freq_percent,0.35,0.65,8,target4,0.06220524573401723,0.030520091186429316,96.207473508087
freq_percent_rm0.35_r08,freq_percent,0.35,0.65,8,target5,0.11084092996748131,0.061497069965469844,94.08812046848857
freq_percent_rm0.35_r08,freq_percent,0.35,0.65,8,target6,0.32194584213349425,0.24687921066747126,82.09704406023425
