run_id,strat,remove_frac,keep_frac,repeat_id,target,initial_mae_ms,adjusted_mae_ms,adjusted_accuracy_pct
freq_percent_rm0.9_r08,freq_percent,0.9,0.09999999999999998,8,all targets,0.20085281147540984,0.08415412568306012,92.66666666666666
freq_percent_rm0.9_r08,freq_percent,0.9,0.09999999999999998,8,target1,0.07089798907103825,0.010575120218579235,98.9090909090909
freq_percent_rm0.9_r08,freq_percent,0.9,0.09999999999999998,8,target2,0.0907077213114754,0.010873010928961748,98.54545454545455
freq_percent_rm0.9_r08,freq_percent,0.9,0.09999999999999998,8,target3,0.18111755191256831,0.032916923497267755,96.72727272727273
freq_percent_rm0.9_r08,freq_percent,0.9,0.09999999999999998,8,target4,0.1400086338797814,0.04200259016393443,94.54545454545455
freq_percent_rm0.9_r08,freq_percent,0.9,0.09999999999999998,8,target5,0.18826692896174865,0.052577710382513666,94.54545454545455
freq_percent_rm0.9_r08,freq_percent,0.9,0.09999999999999998,8,target6,0.5341180437158469,0.35597939890710384,72.72727272727273
