run_id,strat,remove_frac,keep_frac,repeat_id,target,initial_mae_ms,adjusted_mae_ms,adjusted_accuracy_pct
freq_percent_rm0.55_r09,freq_percent,0.55,0.44999999999999996,9,all targets,0.1307462571314925,0.07091807248986877,93.99677679290895
freq_percent_rm0.55_r09,freq_percent,0.55,0.44999999999999996,9,target1,0.03581109617662471,0.007888342844436225,99.11361804995971
freq_percent_rm0.55_r09,freq_percent,0.55,0.44999999999999996,9,target2,0.0494094110381633,0.010132724908962012,98.79129734085414
freq_percent_rm0.55_r09,freq_percent,0.55,0.44999999999999996,9,target3,0.08733286680492992,0.02528230384451108,97.50201450443191
freq_percent_rm0.55_r09,freq_percent,0.55,0.44999999999999996,9,target4,0.09093047923189038,0.04412851206280851,94.43996776792909
freq_percent_rm0.55_r09,freq_percent,0.55,0.44999999999999996,9,target5,0.14403651955280203,0.06531811920141962,93.87590652699436
freq_percent_rm0.55_r09,freq_percent,0.55,0.44999999999999996,9,target6,0.3769571699845445,0.2727584320770752,80.25785656728445
