run_id,strat,remove_frac,keep_frac,repeat_id,target,initial_mae_ms,adjusted_mae_ms,adjusted_accuracy_pct
freq_percent_rm0.05_r08,freq_percent,0.05,0.95,8,all targets,0.09340541352076642,0.06052278914473227,95.01908396946564
freq_percent_rm0.05_r08,freq_percent,0.05,0.95,8,target1,0.020558154225587117,0.008191994535519127,99.19847328244275
freq_percent_rm0.05_r08,freq_percent,0.05,0.95,8,target2,0.02781213411963459,0.008567200392107788,98.96946564885496
freq_percent_rm0.05_r08,freq_percent,0.05,0.95,8,target3,0.06109602031452051,0.021636871063279522,97.82442748091603
freq_percent_rm0.05_r08,freq_percent,0.05,0.95,8,target4,0.05671861865431945,0.03295558107037084,96.14503816793894
freq_percent_rm0.05_r08,freq_percent,0.05,0.95,8,target5,0.10152445136194886,0.06067391372585826,94.16030534351145
freq_percent_rm0.05_r08,freq_percent,0.05,0.95,8,target6,0.292723102448588,0.2311111740812581,83.81679389312977
