run_id,strat,remove_frac,keep_frac,repeat_id,target,initial_mae_ms,adjusted_mae_ms,adjusted_accuracy_pct
freq_percent_rm0.45_r02,freq_percent,0.45,0.55,2,all targets,0.1162061587603284,0.06510513004540536,94.52129995608256
freq_percent_rm0.45_r02,freq_percent,0.45,0.55,2,target1,0.02806216836936723,0.0028331996911380376,99.7364953886693
freq_percent_rm0.45_r02,freq_percent,0.45,0.55,2,target2,0.03696651025580106,0.005315622277658984,99.27536231884058
freq_percent_rm0.45_r02,freq_percent,0.45,0.55,2,target3,0.0853197849845569,0.025040088698819987,97.29907773386034
freq_percent_rm0.45_r02,freq_percent,0.45,0.55,2,target4,0.07023636948602202,0.032568305020986774,95.98155467720684
freq_percent_rm0.45_r02,freq_percent,0.45,0.55,2,target5,0.13380797398431932,0.07398698622000476,92.88537549407114
freq_percent_rm0.45_r02,freq_percent,0.45,0.55,2,target6,0.34284414548190384,0.25088657836382355,81.94993412384717
