run_id,strat,remove_frac,keep_frac,repeat_id,target,initial_mae_ms,adjusted_mae_ms,adjusted_accuracy_pct
freq_percent_rm0.4_r01,freq_percent,0.4,0.6,1,all targets,0.11182526276834012,0.06563082832560162,94.65256797583082
freq_percent_rm0.4_r01,freq_percent,0.4,0.6,1,target1,0.02796662787050336,0.005271585607448863,99.45619335347432
freq_percent_rm0.4_r01,freq_percent,0.4,0.6,1,target2,0.035960628580390605,0.006781288527891965,99.09365558912387
freq_percent_rm0.4_r01,freq_percent,0.4,0.6,1,target3,0.06578344856619286,0.014428800042923415,98.42900302114803
freq_percent_rm0.4_r01,freq_percent,0.4,0.6,1,target4,0.07330721394020438,0.03717334076238588,95.58912386706947
freq_percent_rm0.4_r01,freq_percent,0.4,0.6,1,target5,0.11431668507420799,0.06019012299209219,94.3202416918429
freq_percent_rm0.4_r01,freq_percent,0.4,0.6,1,target6,0.35361697257854163,0.2699398320208674,81.02719033232628
