run_id,strat,remove_frac,keep_frac,repeat_id,target,initial_mae_ms,adjusted_mae_ms,adjusted_accuracy_pct
freq_percent_rm0.7_r04,freq_percent,0.7,0.30000000000000004,4,all targets,0.14587759717018742,0.07197299511808873,93.91374445787989
freq_percent_rm0.7_r04,freq_percent,0.7,0.30000000000000004,4,target1,0.04576422582115884,0.010400960413899736,99.15356711003628
freq_percent_rm0.7_r04,freq_percent,0.7,0.30000000000000004,4,target2,0.06116755291031512,0.014412759430689634,98.54897218863361
freq_percent_rm0.7_r04,freq_percent,0.7,0.30000000000000004,4,target3,0.1020284688220641,0.019117955808406185,97.94437726723095
freq_percent_rm0.7_r04,freq_percent,0.7,0.30000000000000004,4,target4,0.09331147342755763,0.02976655813692258,96.13059250302297
freq_percent_rm0.7_r04,freq_percent,0.7,0.30000000000000004,4,target5,0.17225971580734897,0.08296004139658122,92.26118500604595
freq_percent_rm0.7_r04,freq_percent,0.7,0.30000000000000004,4,target6,0.4007341462326799,0.27517969552203303,79.44377267230955
