run_id,strat,remove_frac,keep_frac,repeat_id,target,initial_mae_ms,adjusted_mae_ms,adjusted_accuracy_pct
freq_percent_rm0.75_r03,freq_percent,0.75,0.25,3,all targets,0.15860611642380085,0.07588478029883056,93.45410628019324
freq_percent_rm0.75_r03,freq_percent,0.75,0.25,3,target1,0.04986431456402946,0.007776458580818881,99.27536231884058
freq_percent_rm0.75_r03,freq_percent,0.75,0.25,3,target2,0.06440807297853805,0.009854138354320108,98.98550724637681
freq_percent_rm0.75_r03,freq_percent,0.75,0.25,3,target3,0.14163839827354083,0.04131614635305298,95.79710144927536
freq_percent_rm0.75_r03,freq_percent,0.75,0.25,3,target4,0.10560549477310525,0.04006953848895225,95.07246376811594
freq_percent_rm0.75_r03,freq_percent,0.75,0.25,3,target5,0.176780867585333,0.08138568484200523,91.88405797101449
freq_percent_rm0.75_r03,freq_percent,0.75,0.25,3,target6,0.41333955036825853,0.27490671517383386,79.71014492753623
