run_id,strat,remove_frac,keep_frac,repeat_id,target,initial_mae_ms,adjusted_mae_ms,adjusted_accuracy_pct
freq_percent_rm0.65_r09,freq_percent,0.65,0.35,9,all targets,0.13206693743942496,0.06701577310242225,94.0303657694962
freq_percent_rm0.65_r09,freq_percent,0.65,0.35,9,target1,0.03621099033816425,0.008395522350066185,99.17184265010351
freq_percent_rm0.65_r09,freq_percent,0.65,0.35,9,target2,0.05245081387389834,0.009031546770525744,98.9648033126294
freq_percent_rm0.65_r09,freq_percent,0.65,0.35,9,target3,0.1004918584326104,0.022345657972145855,97.51552795031056
freq_percent_rm0.65_r09,freq_percent,0.65,0.35,9,target4,0.08412483001278441,0.03197082753510052,95.65217391304348
freq_percent_rm0.65_r09,freq_percent,0.65,0.35,9,target5,0.14026458552534818,0.07004748950661281,93.16770186335404
freq_percent_rm0.65_r09,freq_percent,0.65,0.35,9,target6,0.3788585464537442,0.2603035944800824,79.71014492753623
