run_id,strat,remove_frac,keep_frac,repeat_id,target,initial_mae_ms,adjusted_mae_ms,adjusted_accuracy_pct
freq_percent_rm0.3_r09,freq_percent,0.3,0.7,9,all targets,0.10373911644595671,0.06300528578452447,94.64285714285714
freq_percent_rm0.3_r09,freq_percent,0.3,0.7,9,target1,0.026458615891117674,0.006233039320503683,99.27536231884058
freq_percent_rm0.3_r09,freq_percent,0.3,0.7,9,target2,0.036041383826041704,0.00987957933113849,98.70600414078675
freq_percent_rm0.3_r09,freq_percent,0.3,0.7,9,target3,0.07201916521003744,0.024232530419509214,97.46376811594203
freq_percent_rm0.3_r09,freq_percent,0.3,0.7,9,target4,0.06553171612134995,0.03470573254307663,95.75569358178055
freq_percent_rm0.3_r09,freq_percent,0.3,0.7,9,target5,0.1069793075212979,0.05929867680084626,94.35817805383023
freq_percent_rm0.3_r09,freq_percent,0.3,0.7,9,target6,0.31540451010589554,0.24368215629207257,82.29813664596274
