run_id,strat,remove_frac,keep_frac,repeat_id,target,initial_mae_ms,adjusted_mae_ms,adjusted_accuracy_pct
freq_percent_rm0.975_r01,freq_percent,0.975,0.025000000000000022,1,all targets,0.27276967312108974,0.09715626369420026,90.82125603864735
freq_percent_rm0.975_r01,freq_percent,0.975,0.025000000000000022,1,target1,0.12703527757978936,0.012466078641007365,98.55072463768117
freq_percent_rm0.975_r01,freq_percent,0.975,0.025000000000000022,1,target2,0.14128222459808348,0.011872455848578444,98.55072463768117
freq_percent_rm0.975_r01,freq_percent,0.975,0.025000000000000022,1,target3,0.24754070444286055,0.014246947018294131,98.55072463768117
freq_percent_rm0.975_r01,freq_percent,0.975,0.025000000000000022,1,target4,0.22201492436841688,0.06292401599746575,91.30434782608695
freq_percent_rm0.975_r01,freq_percent,0.975,0.025000000000000022,1,target5,0.27484735289459095,0.03383649916844857,97.10144927536231
freq_percent_rm0.975_r01,freq_percent,0.975,0.025000000000000022,1,target6,0.6238975548427972,0.4475915854914073,60.86956521739131
