run_id,strat,remove_frac,keep_frac,repeat_id,target,initial_mae_ms,adjusted_mae_ms,adjusted_accuracy_pct
freq_percent_rm0.975_r09,freq_percent,0.975,0.025000000000000022,9,all targets,0.29028154549774293,0.13831411063593888,87.43961352657004
freq_percent_rm0.975_r09,freq_percent,0.975,0.025000000000000022,9,target1,0.14543758414508592,0.07895183139304665,92.7536231884058
freq_percent_rm0.975_r09,freq_percent,0.975,0.025000000000000022,9,target2,0.17749321493624773,0.0694538667141839,91.30434782608695
freq_percent_rm0.975_r09,freq_percent,0.975,0.025000000000000022,9,target3,0.2926560366674586,0.1335651282965075,88.40579710144928
freq_percent_rm0.975_r09,freq_percent,0.975,0.025000000000000022,9,target4,0.20242537221826246,0.04214721826245347,94.20289855072464
freq_percent_rm0.975_r09,freq_percent,0.975,0.025000000000000022,9,target5,0.33302238655262534,0.07895183139304665,94.20289855072464
freq_percent_rm0.975_r09,freq_percent,0.975,0.025000000000000022,9,target6,0.5906546784667775,0.42681478775639503,63.76811594202898
