run_id,strat,remove_frac,keep_frac,repeat_id,target,initial_mae_ms,adjusted_mae_ms,adjusted_accuracy_pct
freq_percent_rm0.5_r02,freq_percent,0.5,0.5,2,all targets,0.12341456597201585,0.06787058561878609,94.35581339134639
freq_percent_rm0.5_r02,freq_percent,0.5,0.5,2,target1,0.03210857901702747,0.009237528283344627,99.0572878897752
freq_percent_rm0.5_r02,freq_percent,0.5,0.5,2,target2,0.04075205403456215,0.008346448384629711,98.91225525743292
freq_percent_rm0.5_r02,freq_percent,0.5,0.5,2,target3,0.09282082278280374,0.030415527209469127,96.95431472081218
freq_percent_rm0.5_r02,freq_percent,0.5,0.5,2,target4,0.08183083736531976,0.03861346227764635,95.50398839738942
freq_percent_rm0.5_r02,freq_percent,0.5,0.5,2,target5,0.1333649581743324,0.06207856627713913,93.9811457577955
freq_percent_rm0.5_r02,freq_percent,0.5,0.5,2,target6,0.3596101444580495,0.2585319812804876,81.7258883248731
