run_id,strat,remove_frac,keep_frac,repeat_id,target,initial_mae_ms,adjusted_mae_ms,adjusted_accuracy_pct
freq_percent_rm0.7_r06,freq_percent,0.7,0.30000000000000004,6,all targets,0.148725479188279,0.0719977593095504,93.71221281741234
freq_percent_rm0.7_r06,freq_percent,0.7,0.30000000000000004,6,target1,0.042297239016525594,0.006339633014186506,99.39540507859735
freq_percent_rm0.7_r06,freq_percent,0.7,0.30000000000000004,6,target2,0.06250481924924509,0.011490584838213042,98.30713422007256
freq_percent_rm0.7_r06,freq_percent,0.7,0.30000000000000004,6,target3,0.11099310613118718,0.028924575627225932,96.73518742442565
freq_percent_rm0.7_r06,freq_percent,0.7,0.30000000000000004,6,target4,0.09583742095664757,0.0328868462610925,95.76783555018137
freq_percent_rm0.7_r06,freq_percent,0.7,0.30000000000000004,6,target5,0.1624035676056059,0.0713208714095982,92.74486094316808
freq_percent_rm0.7_r06,freq_percent,0.7,0.30000000000000004,6,target6,0.41831672217046273,0.2810240447069862,79.32285368802901
