run_id,strat,remove_frac,keep_frac,repeat_id,target,initial_mae_ms,adjusted_mae_ms,adjusted_accuracy_pct
freq_percent_rm0.95_r04,freq_percent,0.95,0.050000000000000044,4,all targets,0.23696866686978288,0.09154603006119694,91.72661870503596
freq_percent_rm0.95_r04,freq_percent,0.95,0.050000000000000044,4,target1,0.11256625584778078,0.026520845618587096,97.84172661870504
freq_percent_rm0.95_r04,freq_percent,0.95,0.050000000000000044,4,target2,0.14380191846522783,0.03094098655501828,95.68345323741008
freq_percent_rm0.95_r04,freq_percent,0.95,0.050000000000000044,4,target3,0.24575983606557378,0.04361205723945434,94.96402877697841
freq_percent_rm0.95_r04,freq_percent,0.95,0.050000000000000044,4,target4,0.17061744014624367,0.055104423674175416,92.80575539568345
freq_percent_rm0.95_r04,freq_percent,0.95,0.050000000000000044,4,target5,0.27080730137201714,0.04508543755159807,95.68345323741008
freq_percent_rm0.95_r04,freq_percent,0.95,0.050000000000000044,4,target6,0.478259249321854,0.34801242972834845,73.38129496402878
