run_id,strat,remove_frac,keep_frac,repeat_id,target,initial_mae_ms,adjusted_mae_ms,adjusted_accuracy_pct
freq_percent_rm0.15_r04,freq_percent,0.15,0.85,4,all targets,0.10115977900311092,0.06276453524726096,94.93248045486851
freq_percent_rm0.15_r04,freq_percent,0.15,0.85,4,target1,0.025082524846493526,0.007580651659734116,99.18976545842217
freq_percent_rm0.15_r04,freq_percent,0.15,0.85,4,target2,0.030235271942395753,0.008069725960362125,99.01918976545842
freq_percent_rm0.15_r04,freq_percent,0.15,0.85,4,target3,0.06943108374986892,0.021466868409707903,97.82515991471216
freq_percent_rm0.15_r04,freq_percent,0.15,0.85,4,target4,0.060540411642024075,0.033501589593018515,95.863539445629
freq_percent_rm0.15_r04,freq_percent,0.15,0.85,4,target5,0.10350908234005617,0.056261011511529006,94.58422174840085
freq_percent_rm0.15_r04,freq_percent,0.15,0.85,4,target6,0.31816029949782704,0.24970736434921412,83.11300639658849
