run_id,strat,remove_frac,keep_frac,repeat_id,target,initial_mae_ms,adjusted_mae_ms,adjusted_accuracy_pct
freq_percent_rm0.85_r07,freq_percent,0.85,0.15000000000000002,7,all targets,0.18113739930088082,0.0785560828647607,93.27697262479872
freq_percent_rm0.85_r07,freq_percent,0.85,0.15000000000000002,7,target1,0.053821799846888944,0.0,100.0
freq_percent_rm0.85_r07,freq_percent,0.85,0.15000000000000002,7,target2,0.0823156938834772,0.00900327901850532,99.03381642512076
freq_percent_rm0.85_r07,freq_percent,0.85,0.15000000000000002,7,target3,0.14593226980544335,0.020084237810511867,97.82608695652173
freq_percent_rm0.85_r07,freq_percent,0.85,0.15000000000000002,7,target4,0.11585538165571131,0.02799920837623083,96.37681159420289
freq_percent_rm0.85_r07,freq_percent,0.85,0.15000000000000002,7,target5,0.19965513252026085,0.07657734022333096,92.512077294686
freq_percent_rm0.85_r07,freq_percent,0.85,0.15000000000000002,7,target6,0.4892441180935034,0.33767243175998524,73.91304347826086
