run_id,strat,remove_frac,keep_frac,repeat_id,target,initial_mae_ms,adjusted_mae_ms,adjusted_accuracy_pct
freq_percent_rm0.25_r03,freq_percent,0.25,0.75,3,all targets,0.10171363603449658,0.06326458161110186,94.78814241984855
freq_percent_rm0.25_r03,freq_percent,0.25,0.75,3,target1,0.023617809281958235,0.009641134216524443,99.03334944417594
freq_percent_rm0.25_r03,freq_percent,0.25,0.75,3,target2,0.03413001106630008,0.009858901108478793,98.74335427742871
freq_percent_rm0.25_r03,freq_percent,0.25,0.75,3,target3,0.06604275923270131,0.02035130590264297,97.87336877718704
freq_percent_rm0.25_r03,freq_percent,0.25,0.75,3,target4,0.06028183509099985,0.029517312354903374,96.32672788786853
freq_percent_rm0.25_r03,freq_percent,0.25,0.75,3,target5,0.10035094321060041,0.05634223404564386,94.58675688738522
freq_percent_rm0.25_r03,freq_percent,0.25,0.75,3,target6,0.32585845832441956,0.2538766020384178,82.16529724504592
