run_id,strat,remove_frac,keep_frac,repeat_id,target,initial_mae_ms,adjusted_mae_ms,adjusted_accuracy_pct
freq_percent_rm0.6_r03,freq_percent,0.6,0.4,3,all targets,0.1300528601079697,0.06672691201146354,94.24818840579711
freq_percent_rm0.6_r03,freq_percent,0.6,0.4,3,target1,0.037806351592816985,0.009460863254335946,99.09420289855072
freq_percent_rm0.6_r03,freq_percent,0.6,0.4,3,target2,0.048046344762215885,0.009980283197711253,98.82246376811594
freq_percent_rm0.6_r03,freq_percent,0.6,0.4,3,target3,0.09193732997742932,0.022112449017977348,97.64492753623189
freq_percent_rm0.6_r03,freq_percent,0.6,0.4,3,target4,0.08373791515700484,0.035543164696681714,95.65217391304348
freq_percent_rm0.6_r03,freq_percent,0.6,0.4,3,target5,0.14358251291874555,0.06589212995961036,93.56884057971014
freq_percent_rm0.6_r03,freq_percent,0.6,0.4,3,target6,0.3752067062396056,0.25737258194246454,80.70652173913044
