run_id,strat,remove_frac,keep_frac,repeat_id,target,initial_mae_ms,adjusted_mae_ms,adjusted_accuracy_pct
freq_percent_rm0.55_r06,freq_percent,0.55,0.44999999999999996,6,all targets,0.12399660812861713,0.06705091417770792,94.38624764974483
freq_percent_rm0.55_r06,freq_percent,0.55,0.44999999999999996,6,target1,0.0326755624100078,0.006568118100597526,99.35535858178888
freq_percent_rm0.55_r06,freq_percent,0.55,0.44999999999999996,6,target2,0.04805618067572864,0.012509129447871671,98.63013698630137
freq_percent_rm0.55_r06,freq_percent,0.55,0.44999999999999996,6,target3,0.09188764217117344,0.022509831882449812,97.66317485898469
freq_percent_rm0.55_r06,freq_percent,0.55,0.44999999999999996,6,target4,0.08092977679731223,0.034622893907169876,96.13215149073328
freq_percent_rm0.55_r06,freq_percent,0.55,0.44999999999999996,6,target5,0.12462921581837318,0.06125842811411562,94.03706688154713
freq_percent_rm0.55_r06,freq_percent,0.55,0.44999999999999996,6,target6,0.36580127089910747,0.26483708361404296,80.49959709911361
