run_id,strat,remove_frac,keep_frac,repeat_id,target,initial_mae_ms,adjusted_mae_ms,adjusted_accuracy_pct
freq_percent_rm0.05_r05,freq_percent,0.05,0.95,5,all targets,0.0975040163847523,0.06396478175968799,94.82824427480917
freq_percent_rm0.05_r05,freq_percent,0.05,0.95,5,target1,0.020636322112376423,0.007472849977057523,99.27480916030534
freq_percent_rm0.05_r05,freq_percent,0.05,0.95,5,target2,0.028015370625286782,0.006988209078963835,99.19847328244275
freq_percent_rm0.05_r05,freq_percent,0.05,0.95,5,target3,0.06048631079756393,0.020120414059567014,97.97709923664122
freq_percent_rm0.05_r05,freq_percent,0.05,0.95,5,target4,0.058750983710841365,0.03498794612689275,95.87786259541986
freq_percent_rm0.05_r05,freq_percent,0.05,0.95,5,target5,0.09536482188295167,0.05714072524298169,94.61832061068702
freq_percent_rm0.05_r05,freq_percent,0.05,0.95,5,target6,0.32177028917949363,0.2570785460726651,82.02290076335878
