run_id,strat,remove_frac,keep_frac,repeat_id,target,initial_mae_ms,adjusted_mae_ms,adjusted_accuracy_pct
freq_percent_rm0.975_r10,freq_percent,0.975,0.025000000000000022,10,all targets,0.29404115651645946,0.12218735810828647,89.3719806763285
freq_percent_rm0.975_r10,freq_percent,0.975,0.025000000000000022,10,target1,0.1792740833135345,0.05342605131860299,92.7536231884058
freq_percent_rm0.975_r10,freq_percent,0.975,0.025000000000000022,10,target2,0.1822421972756791,0.06233039320503683,94.20289855072464
freq_percent_rm0.975_r10,freq_percent,0.975,0.025000000000000022,10,target3,0.29562415062960323,0.035023744753306406,97.10144927536231
freq_percent_rm0.975_r10,freq_percent,0.975,0.025000000000000022,10,target4,0.15909090837095113,0.048677068979171616,94.20289855072464
freq_percent_rm0.975_r10,freq_percent,0.975,0.025000000000000022,10,target5,0.33955223726934347,0.09913500633563001,89.85507246376811
freq_percent_rm0.975_r10,freq_percent,0.975,0.025000000000000022,10,target6,0.6084633622396451,0.434531884057971,68.11594202898551
