run_id,strat,remove_frac,keep_frac,repeat_id,target,initial_mae_ms,adjusted_mae_ms,adjusted_accuracy_pct
freq_percent_rm0.95_r02,freq_percent,0.95,0.050000000000000044,2,all targets,0.22690056807013406,0.09660463579955708,91.24700239808153
freq_percent_rm0.95_r02,freq_percent,0.95,0.050000000000000044,2,target1,0.10343129791248967,0.01709121162086724,98.56115107913669
freq_percent_rm0.95_r02,freq_percent,0.95,0.050000000000000044,2,target2,0.13967645359122538,0.015617831308723514,97.84172661870504
freq_percent_rm0.95_r02,freq_percent,0.95,0.050000000000000044,2,target3,0.22365913138341786,0.043906733301883084,94.96402877697841
freq_percent_rm0.95_r02,freq_percent,0.95,0.050000000000000044,2,target4,0.15028479183866023,0.0330037189920195,94.24460431654677
freq_percent_rm0.95_r02,freq_percent,0.95,0.050000000000000044,2,target5,0.2531267376262924,0.1275947350316468,88.48920863309353
freq_percent_rm0.95_r02,freq_percent,0.95,0.050000000000000044,2,target6,0.4912249960687188,0.3424135845422023,73.38129496402878
