run_id,strat,remove_frac,keep_frac,repeat_id,target,initial_mae_ms,adjusted_mae_ms,adjusted_accuracy_pct
freq_percent_rm0.95_r05,freq_percent,0.95,0.050000000000000044,5,all targets,0.2315171597148511,0.08722411447890868,91.96642685851319
freq_percent_rm0.95_r05,freq_percent,0.95,0.050000000000000044,5,target1,0.09871648091362976,0.013260422809293548,98.56115107913669
freq_percent_rm0.95_r05,freq_percent,0.95,0.050000000000000044,5,target2,0.12936279140621929,0.02121667649486968,97.12230215827337
freq_percent_rm0.95_r05,freq_percent,0.95,0.050000000000000044,5,target3,0.23191006113142276,0.04803219817588553,95.68345323741008
freq_percent_rm0.95_r05,freq_percent,0.95,0.050000000000000044,5,target4,0.16000910189880882,0.04361205723945434,93.5251798561151
freq_percent_rm0.95_r05,freq_percent,0.95,0.050000000000000044,5,target5,0.3191341756103314,0.12582667865707434,87.05035971223022
freq_percent_rm0.95_r05,freq_percent,0.95,0.050000000000000044,5,target6,0.44997034732869445,0.27139665349687464,79.85611510791367
