run_id,strat,remove_frac,keep_frac,repeat_id,target,initial_mae_ms,adjusted_mae_ms,adjusted_accuracy_pct
freq_percent_rm0.7_r01,freq_percent,0.7,0.30000000000000004,1,all targets,0.14447429298735967,0.06943879285851158,94.23619508262797
freq_percent_rm0.7_r01,freq_percent,0.7,0.30000000000000004,1,target1,0.044625073013922205,0.008865580543276443,99.03264812575574
freq_percent_rm0.7_r01,freq_percent,0.7,0.30000000000000004,1,target2,0.06136566644200845,0.010797187477286392,98.66989117291415
freq_percent_rm0.7_r01,freq_percent,0.7,0.30000000000000004,1,target3,0.11941293122815365,0.02833023503214595,97.3397823458283
freq_percent_rm0.7_r01,freq_percent,0.7,0.30000000000000004,1,target4,0.09375722887386762,0.032540147580629175,96.37243047158404
freq_percent_rm0.7_r01,freq_percent,0.7,0.30000000000000004,1,target5,0.15566770752803272,0.06943879285851158,93.2285368802902
freq_percent_rm0.7_r01,freq_percent,0.7,0.30000000000000004,1,target6,0.39201715083817346,0.2666608136592199,80.7738814993954
