run_id,strat,remove_frac,keep_frac,repeat_id,target,initial_mae_ms,adjusted_mae_ms,adjusted_accuracy_pct
freq_percent_rm0.75_r01,freq_percent,0.75,0.25,1,all targets,0.14824739869591616,0.07459859758190122,93.47826086956522
freq_percent_rm0.75_r01,freq_percent,0.75,0.25,1,target1,0.04363127524352578,0.007360922626118635,99.1304347826087
freq_percent_rm0.75_r01,freq_percent,0.75,0.25,1,target2,0.06238975548427972,0.010685210263720598,98.40579710144928
freq_percent_rm0.75_r01,freq_percent,0.75,0.25,1,target3,0.1188432830442702,0.03834803239090837,95.79710144927536
freq_percent_rm0.75_r01,freq_percent,0.75,0.25,1,target4,0.09664179060742853,0.03069029836857528,96.08695652173913
freq_percent_rm0.75_r01,freq_percent,0.75,0.25,1,target5,0.15879409697473668,0.06998812722736993,93.18840579710145
freq_percent_rm0.75_r01,freq_percent,0.75,0.25,1,target6,0.40918419082125607,0.29051899461471453,78.26086956521739
