run_id,strat,remove_frac,keep_frac,repeat_id,target,initial_mae_ms,adjusted_mae_ms,adjusted_accuracy_pct
freq_percent_rm0.4_r08,freq_percent,0.4,0.6,8,all targets,0.10968032965732809,0.06496672403546135,94.72306143001006
freq_percent_rm0.4_r08,freq_percent,0.4,0.6,8,target1,0.026432175721856275,0.006162557822792334,99.39577039274926
freq_percent_rm0.4_r08,freq_percent,0.4,0.6,8,target2,0.03898003442127681,0.010988657322569461,98.73111782477342
freq_percent_rm0.4_r08,freq_percent,0.4,0.6,8,target3,0.08229118377825104,0.026135184983408447,97.34138972809667
freq_percent_rm0.4_r08,freq_percent,0.4,0.6,8,target4,0.06942158511217869,0.03158001518828521,96.13293051359516
freq_percent_rm0.4_r08,freq_percent,0.4,0.6,8,target5,0.10850061644627144,0.05610650033843462,94.80362537764351
freq_percent_rm0.4_r08,freq_percent,0.4,0.6,8,target6,0.3324563824641342,0.25882742855727797,81.93353474320242
