run_id,strat,remove_frac,keep_frac,repeat_id,target,initial_mae_ms,adjusted_mae_ms,adjusted_accuracy_pct
freq_percent_rm0.9_r06,freq_percent,0.9,0.09999999999999998,6,all targets,0.2094419936247723,0.09706272313296903,91.21212121212122
freq_percent_rm0.9_r06,freq_percent,0.9,0.09999999999999998,6,target1,0.08877143169398909,0.02546965573770492,97.0909090909091
freq_percent_rm0.9_r06,freq_percent,0.9,0.09999999999999998,6,target2,0.11081534426229508,0.03872579234972678,96.0
freq_percent_rm0.9_r06,freq_percent,0.9,0.09999999999999998,6,target3,0.19094794535519127,0.03619372131147541,96.0
freq_percent_rm0.9_r06,freq_percent,0.9,0.09999999999999998,6,target4,0.1459664480874317,0.06464228415300546,92.72727272727272
freq_percent_rm0.9_r06,freq_percent,0.9,0.09999999999999998,6,target5,0.22326908743169402,0.06940853551912568,93.0909090909091
freq_percent_rm0.9_r06,freq_percent,0.9,0.09999999999999998,6,target6,0.4968817049180328,0.34793634972677595,72.36363636363636
