run_id,strat,remove_frac,keep_frac,repeat_id,target,initial_mae_ms,adjusted_mae_ms,adjusted_accuracy_pct
freq_percent_rm0.35_r06,freq_percent,0.35,0.65,6,all targets,0.10523263476817862,0.05874812961659236,95.0920245398773
freq_percent_rm0.35_r06,freq_percent,0.35,0.65,6,target1,0.027184811760367432,0.007104602065104429,99.33073061907419
freq_percent_rm0.35_r06,freq_percent,0.35,0.65,6,target2,0.0380587364645144,0.010097215796707902,98.8287785833798
freq_percent_rm0.35_r06,freq_percent,0.35,0.65,6,target3,0.07691702621609843,0.021976293204599553,97.71332961517011
freq_percent_rm0.35_r06,freq_percent,0.35,0.65,6,target4,0.06446683931744276,0.02988044855677361,96.37479085331846
freq_percent_rm0.35_r06,freq_percent,0.35,0.65,6,target5,0.11979592678266117,0.059783741493177785,94.3112102621305
freq_percent_rm0.35_r06,freq_percent,0.35,0.65,6,target6,0.3049724680679875,0.22364647658319084,83.99330730619074
