run_id,strat,remove_frac,keep_frac,repeat_id,target,initial_mae_ms,adjusted_mae_ms,adjusted_accuracy_pct
freq_percent_rm0.3_r03,freq_percent,0.3,0.7,3,all targets,0.10016324581537296,0.06163076634253131,94.91890959282263
freq_percent_rm0.3_r03,freq_percent,0.3,0.7,3,target1,0.027561058219914242,0.009222354096663613,99.01656314699792
freq_percent_rm0.3_r03,freq_percent,0.3,0.7,3,target2,0.03568096998778129,0.011851255034563125,98.55072463768117
freq_percent_rm0.3_r03,freq_percent,0.3,0.7,3,target3,0.06678256414825375,0.020564789594859093,97.9296066252588
freq_percent_rm0.3_r03,freq_percent,0.3,0.7,3,target4,0.06402645832626232,0.032373643001391575,96.2215320910973
freq_percent_rm0.3_r03,freq_percent,0.3,0.7,3,target5,0.11189789637285183,0.06419606483838487,93.99585921325053
freq_percent_rm0.3_r03,freq_percent,0.3,0.7,3,target6,0.2950305278371743,0.2315764914893256,83.7991718426501
