run_id,strat,remove_frac,keep_frac,repeat_id,target,initial_mae_ms,adjusted_mae_ms,adjusted_accuracy_pct
freq_percent_rm0.9_r05,freq_percent,0.9,0.09999999999999998,5,all targets,0.20482468761384337,0.09346321038251366,92.06060606060606
freq_percent_rm0.9_r05,freq_percent,0.9,0.09999999999999998,5,target1,0.0700043169398907,0.006255704918032788,99.27272727272727
freq_percent_rm0.9_r05,freq_percent,0.9,0.09999999999999998,5,target2,0.08757986885245903,0.013256136612021857,97.81818181818181
freq_percent_rm0.9_r05,freq_percent,0.9,0.09999999999999998,5,target3,0.1805217704918033,0.02487387431693989,97.81818181818181
freq_percent_rm0.9_r05,freq_percent,0.9,0.09999999999999998,5,target4,0.13092296721311475,0.04691778688524591,93.81818181818183
freq_percent_rm0.9_r05,freq_percent,0.9,0.09999999999999998,5,target5,0.22282225136612024,0.07149377049180328,93.45454545454545
freq_percent_rm0.9_r05,freq_percent,0.9,0.09999999999999998,5,target6,0.5370969508196721,0.39798198907103827,70.18181818181817
