run_id,strat,remove_frac,keep_frac,repeat_id,target,initial_mae_ms,adjusted_mae_ms,adjusted_accuracy_pct
freq_percent_rm0.3_r02,freq_percent,0.3,0.7,2,all targets,0.10774960376385447,0.06486742394886995,94.58247066942718
freq_percent_rm0.3_r02,freq_percent,0.3,0.7,2,target1,0.025716587400581522,0.008692333746280647,99.06832298136646
freq_percent_rm0.3_r02,freq_percent,0.3,0.7,2,target2,0.035066146381337045,0.009964382587199765,98.70600414078675
freq_percent_rm0.3_r02,freq_percent,0.3,0.7,2,target3,0.07498727917218206,0.02306648564866669,97.51552795031056
freq_percent_rm0.3_r02,freq_percent,0.3,0.7,2,target4,0.06478968763081379,0.03269165521162136,96.06625258799171
freq_percent_rm0.3_r02,freq_percent,0.3,0.7,2,target5,0.115035616847119,0.06349643797587935,93.89233954451346
freq_percent_rm0.3_r02,freq_percent,0.3,0.7,2,target6,0.3309023051510934,0.25129324852357193,82.2463768115942
