run_id,strat,remove_frac,keep_frac,repeat_id,target,initial_mae_ms,adjusted_mae_ms,adjusted_accuracy_pct
freq_percent_rm0.5_r01,freq_percent,0.5,0.5,1,all targets,0.12116211400581979,0.06768741919516136,94.25912496978486
freq_percent_rm0.5_r01,freq_percent,0.5,0.5,1,target1,0.03216798434360846,0.009890986875735565,98.98477157360406
freq_percent_rm0.5_r01,freq_percent,0.5,0.5,1,target2,0.043128267097801924,0.011138498733936448,98.33212472806382
freq_percent_rm0.5_r01,freq_percent,0.5,0.5,1,target3,0.0826031066108727,0.020049297721085605,97.89702683103698
freq_percent_rm0.5_r01,freq_percent,0.5,0.5,1,target4,0.07630614199328728,0.03225709233347995,95.79405366207396
freq_percent_rm0.5_r01,freq_percent,0.5,0.5,1,target5,0.137701547014745,0.07404873958320951,92.96591733139957
freq_percent_rm0.5_r01,freq_percent,0.5,0.5,1,target6,0.35506563697460347,0.25873989992352103,81.58085569253082
