run_id,strat,remove_frac,keep_frac,repeat_id,target,initial_mae_ms,adjusted_mae_ms,adjusted_accuracy_pct
freq_percent_rm0.3_r07,freq_percent,0.3,0.7,7,all targets,0.09896539982350745,0.05800189367690927,95.08281573498965
freq_percent_rm0.3_r07,freq_percent,0.3,0.7,7,target1,0.02416892797746326,0.007165875137177703,99.22360248447205
freq_percent_rm0.3_r07,freq_percent,0.3,0.7,7,target2,0.033200474747989005,0.008925542700449152,98.86128364389234
freq_percent_rm0.3_r07,freq_percent,0.3,0.7,7,target3,0.0689026455497856,0.017787482958852345,98.08488612836439
freq_percent_rm0.3_r07,freq_percent,0.3,0.7,7,target4,0.06383565100012445,0.030847184392288632,96.01449275362319
freq_percent_rm0.3_r07,freq_percent,0.3,0.7,7,target5,0.1082301555482017,0.05703018970120717,94.51345755693582
freq_percent_rm0.3_r07,freq_percent,0.3,0.7,7,target6,0.29545454411748073,0.22625508717148063,83.7991718426501
