run_id,strat,remove_frac,keep_frac,repeat_id,target,initial_mae_ms,adjusted_mae_ms,adjusted_accuracy_pct
freq_percent_rm0.45_r01,freq_percent,0.45,0.55,1,all targets,0.10794940537472611,0.06119711332858161,95.01537110232763
freq_percent_rm0.45_r01,freq_percent,0.45,0.55,1,target1,0.031435025144531566,0.008553564781816743,99.2094861660079
freq_percent_rm0.45_r01,freq_percent,0.45,0.55,1,target2,0.040717126989783796,0.01157564445236398,98.68247694334651
freq_percent_rm0.45_r01,freq_percent,0.45,0.55,1,target3,0.07447267759562841,0.0226655975291043,97.69433465085639
freq_percent_rm0.45_r01,freq_percent,0.45,0.55,1,target4,0.06821265542092342,0.030004933871861882,96.31093544137023
freq_percent_rm0.45_r01,freq_percent,0.45,0.55,1,target5,0.11011702799556507,0.053695879860616136,94.99341238471673
freq_percent_rm0.45_r01,freq_percent,0.45,0.55,1,target6,0.32274191910192446,0.24068705947572663,83.20158102766798
