run_id,strat,remove_frac,keep_frac,repeat_id,target,initial_mae_ms,adjusted_mae_ms,adjusted_accuracy_pct
freq_percent_rm0.1_r10,freq_percent,0.1,0.9,10,all targets,0.0963565218766224,0.0628058410897137,94.81347289318303
freq_percent_rm0.1_r10,freq_percent,0.1,0.9,10,target1,0.021650742401643747,0.007799543911635561,99.19484702093398
freq_percent_rm0.1_r10,freq_percent,0.1,0.9,10,target2,0.028889642564874213,0.01035541982348231,98.83252818035426
freq_percent_rm0.1_r10,freq_percent,0.1,0.9,10,target3,0.06208305037485811,0.021469357659512685,97.74557165861513
freq_percent_rm0.1_r10,freq_percent,0.1,0.9,10,target4,0.05926334211082073,0.03286361736974561,95.97423510466989
freq_percent_rm0.1_r10,freq_percent,0.1,0.9,10,target5,0.10729731973152767,0.06600755661369376,93.92109500805152
freq_percent_rm0.1_r10,freq_percent,0.1,0.9,10,target6,0.29895503407601,0.23833955116021224,83.21256038647343
