run_id,strat,remove_frac,keep_frac,repeat_id,target,initial_mae_ms,adjusted_mae_ms,adjusted_accuracy_pct
freq_percent_rm0.85_r02,freq_percent,0.85,0.15000000000000002,2,all targets,0.18771671858363473,0.08403060417271631,92.7938808373591
freq_percent_rm0.85_r02,freq_percent,0.85,0.15000000000000002,2,target1,0.06381445018610914,0.006430913584646657,99.27536231884058
freq_percent_rm0.85_r02,freq_percent,0.85,0.15000000000000002,2,target2,0.07905076852511814,0.010388398867506138,98.79227053140096
freq_percent_rm0.85_r02,freq_percent,0.85,0.15000000000000002,2,target3,0.14840569810723053,0.02621833999894406,97.34299516908213
freq_percent_rm0.85_r02,freq_percent,0.85,0.15000000000000002,2,target4,0.12475972354214515,0.035716304677806815,94.92753623188406
freq_percent_rm0.85_r02,freq_percent,0.85,0.15000000000000002,2,target5,0.20381049206726326,0.0846901850531929,91.30434782608695
freq_percent_rm0.85_r02,freq_percent,0.85,0.15000000000000002,2,target6,0.5064591790739421,0.3407394828542013,75.1207729468599
