run_id,strat,remove_frac,keep_frac,repeat_id,target,initial_mae_ms,adjusted_mae_ms,adjusted_accuracy_pct
freq_percent_rm0.05_r02,freq_percent,0.05,0.95,2,all targets,0.09749098840362073,0.06244832475597547,94.89821882951654
freq_percent_rm0.05_r02,freq_percent,0.05,0.95,2,target1,0.023137694489634174,0.009083108444917198,99.12213740458016
freq_percent_rm0.05_r02,freq_percent,0.05,0.95,2,target2,0.028234240708296835,0.007066376965753139,99.04580152671755
freq_percent_rm0.05_r02,freq_percent,0.05,0.95,2,target3,0.060251807137196016,0.0225279849726776,97.70992366412213
freq_percent_rm0.05_r02,freq_percent,0.05,0.95,2,target4,0.05812564061652693,0.033502756277895965,95.91603053435115
freq_percent_rm0.05_r02,freq_percent,0.05,0.95,2,target5,0.10100854330913946,0.056953122314687354,94.54198473282443
freq_percent_rm0.05_r02,freq_percent,0.05,0.95,2,target6,0.31418800416093107,0.2455565995599216,83.05343511450381
