run_id,strat,remove_frac,keep_frac,repeat_id,target,initial_mae_ms,adjusted_mae_ms,adjusted_accuracy_pct
freq_percent_rm0.1_r01,freq_percent,0.1,0.9,1,all targets,0.09245125341346731,0.061646078041542374,94.84702093397746
freq_percent_rm0.1_r01,freq_percent,0.1,0.9,1,target1,0.021469357659512685,0.010009139861232105,99.03381642512076
freq_percent_rm0.1_r01,freq_percent,0.1,0.9,1,target2,0.027966229332207,0.00933306945874361,98.75201288244766
freq_percent_rm0.1_r01,freq_percent,0.1,0.9,1,target3,0.05515745112985402,0.019671999760214005,98.02737520128825
freq_percent_rm0.1_r01,freq_percent,0.1,0.9,1,target4,0.05764736895365311,0.03301202306785284,95.97423510466989
freq_percent_rm0.1_r01,freq_percent,0.1,0.9,1,target5,0.09311633080128122,0.05880163549448712,94.44444444444444
freq_percent_rm0.1_r01,freq_percent,0.1,0.9,1,target6,0.29935078260429593,0.23904860060672456,82.85024154589372
