run_id,strat,remove_frac,keep_frac,repeat_id,target,initial_mae_ms,adjusted_mae_ms,adjusted_accuracy_pct
freq_percent_rm0.6_r02,freq_percent,0.6,0.4,2,all targets,0.1288161459570761,0.06907666889816134,94.20289855072464
freq_percent_rm0.6_r02,freq_percent,0.6,0.4,2,target1,0.03483823763067237,0.006826662112932605,99.36594202898551
freq_percent_rm0.6_r02,freq_percent,0.6,0.4,2,target2,0.04719301199809931,0.00908984900906787,98.6413043478261
freq_percent_rm0.6_r02,freq_percent,0.6,0.4,2,target3,0.09516515391126158,0.020962304857646313,97.73550724637681
freq_percent_rm0.6_r02,freq_percent,0.6,0.4,2,target4,0.07887762854399304,0.03342838349865368,95.92391304347827
freq_percent_rm0.6_r02,freq_percent,0.6,0.4,2,target5,0.14454714995644255,0.07193966215748,93.02536231884058
freq_percent_rm0.6_r02,freq_percent,0.6,0.4,2,target6,0.3722756937019878,0.2722131517531876,80.52536231884058
