run_id,strat,remove_frac,keep_frac,repeat_id,target,initial_mae_ms,adjusted_mae_ms,adjusted_accuracy_pct
freq_percent_rm0.2_r10,freq_percent,0.2,0.8,10,all targets,0.09766735669046081,0.0596768428386084,94.97809998489655
freq_percent_rm0.2_r10,freq_percent,0.2,0.8,10,target1,0.022085350016465246,0.007367969711375381,99.22972360670593
freq_percent_rm0.2_r10,freq_percent,0.2,0.8,10,target2,0.031142199434982087,0.00955794559536101,98.82193022202084
freq_percent_rm0.2_r10,freq_percent,0.2,0.8,10,target3,0.06662723240261365,0.02292051031120553,97.68917082011781
freq_percent_rm0.2_r10,freq_percent,0.2,0.8,10,target4,0.057941565337314704,0.028042826785612596,96.42048028998641
freq_percent_rm0.2_r10,freq_percent,0.2,0.8,10,target5,0.10298454390030727,0.05697649121894816,94.47213411871319
freq_percent_rm0.2_r10,freq_percent,0.2,0.8,10,target6,0.3052232490510819,0.23319531340914776,83.23516085183506
