run_id,strat,remove_frac,keep_frac,repeat_id,target,initial_mae_ms,adjusted_mae_ms,adjusted_accuracy_pct
freq_percent_rm0.45_r08,freq_percent,0.45,0.55,8,all targets,0.11387214187191468,0.06539294715688604,94.5761967501098
freq_percent_rm0.45_r08,freq_percent,0.45,0.55,8,target1,0.029141482537419817,0.006691747841926031,99.27536231884058
freq_percent_rm0.45_r08,freq_percent,0.45,0.55,8,target2,0.0396108299675299,0.006287005028906311,99.2094861660079
freq_percent_rm0.45_r08,freq_percent,0.45,0.55,8,target3,0.07779156866239012,0.022557666112299042,97.56258234519105
freq_percent_rm0.45_r08,freq_percent,0.45,0.55,8,target4,0.06937291815157995,0.035563401837332705,95.52042160737813
freq_percent_rm0.45_r08,freq_percent,0.45,0.55,8,target5,0.12665751762097094,0.06702540983606559,93.87351778656127
freq_percent_rm0.45_r08,freq_percent,0.45,0.55,8,target6,0.34065853429159737,0.2542324522847866,82.01581027667984
