run_id,strat,remove_frac,keep_frac,repeat_id,target,initial_mae_ms,adjusted_mae_ms,adjusted_accuracy_pct
freq_percent_rm0.05_r06,freq_percent,0.05,0.95,6,all targets,0.09476814034712663,0.06044462125794296,95.06361323155215
freq_percent_rm0.05_r06,freq_percent,0.05,0.95,6,target1,0.02123039805197514,0.006456667448796563,99.35114503816794
freq_percent_rm0.05_r06,freq_percent,0.05,0.95,6,target2,0.026592715085721436,0.005331049879030577,99.31297709923665
freq_percent_rm0.05_r06,freq_percent,0.05,0.95,6,target3,0.058876052329704255,0.018588323478496642,98.1679389312977
freq_percent_rm0.05_r06,freq_percent,0.05,0.95,6,target4,0.058219442080674096,0.03157982626287907,96.03053435114504
freq_percent_rm0.05_r06,freq_percent,0.05,0.95,6,target5,0.10111797835064447,0.05870408297876779,94.27480916030534
freq_percent_rm0.05_r06,freq_percent,0.05,0.95,6,target6,0.3025722561840404,0.24200777749968716,83.2442748091603
