run_id,strat,remove_frac,keep_frac,repeat_id,target,initial_mae_ms,adjusted_mae_ms,adjusted_accuracy_pct
freq_percent_rm0.3_r06,freq_percent,0.3,0.7,6,all targets,0.10178157461854227,0.059595488197060724,94.97066942719117
freq_percent_rm0.3_r06,freq_percent,0.3,0.7,6,target1,0.027243046009684465,0.008798337816357239,99.12008281573499
freq_percent_rm0.3_r06,freq_percent,0.3,0.7,6,target2,0.033285278004050275,0.007738297115591306,98.86128364389234
freq_percent_rm0.3_r06,freq_percent,0.3,0.7,6,target3,0.0677578015929584,0.015158582020952834,98.4472049689441
freq_percent_rm0.3_r06,freq_percent,0.3,0.7,6,target4,0.06175797122662323,0.029723541249476747,96.37681159420289
freq_percent_rm0.3_r06,freq_percent,0.3,0.7,6,target5,0.11249151916528076,0.06226679076299087,93.89233954451346
freq_percent_rm0.3_r06,freq_percent,0.3,0.7,6,target6,0.3081538317126566,0.23388738021699532,83.12629399585921
