run_id,strat,remove_frac,keep_frac,repeat_id,target,initial_mae_ms,adjusted_mae_ms,adjusted_accuracy_pct
freq_percent_rm0.7_r05,freq_percent,0.7,0.30000000000000004,5,all targets,0.14112287240954755,0.06462628498446114,94.51833937928255
freq_percent_rm0.7_r05,freq_percent,0.7,0.30000000000000004,5,target1,0.04571469743823551,0.006636803311726498,99.39540507859735
freq_percent_rm0.7_r05,freq_percent,0.7,0.30000000000000004,5,target2,0.05864160538122518,0.01144105645528971,98.54897218863361
freq_percent_rm0.7_r05,freq_percent,0.7,0.30000000000000004,5,target3,0.10633743813639399,0.02699296869321598,97.21886336154776
freq_percent_rm0.7_r05,freq_percent,0.7,0.30000000000000004,5,target4,0.09137986649354769,0.026745326778599324,96.2515114873035
freq_percent_rm0.7_r05,freq_percent,0.7,0.30000000000000004,5,target5,0.1535875154452528,0.065625107373415,93.5912938331318
freq_percent_rm0.7_r05,freq_percent,0.7,0.30000000000000004,5,target6,0.3910761115626301,0.2503164472945203,82.10399032648125
