run_id,strat,remove_frac,keep_frac,repeat_id,target,initial_mae_ms,adjusted_mae_ms,adjusted_accuracy_pct
freq_percent_rm0.2_r03,freq_percent,0.2,0.8,3,all targets,0.0939029489915759,0.056240312885065986,95.28016915873735
freq_percent_rm0.2_r03,freq_percent,0.2,0.8,3,target1,0.023124660605475376,0.009428031771734744,99.00317172632532
freq_percent_rm0.2_r03,freq_percent,0.2,0.8,3,target2,0.0303255982579027,0.007702033829271494,98.86724059809696
freq_percent_rm0.2_r03,freq_percent,0.2,0.8,3,target3,0.060762551221770766,0.016684646777144752,98.3235160851835
freq_percent_rm0.2_r03,freq_percent,0.2,0.8,3,target4,0.056920813865965474,0.0260941194312186,96.73765292251926
freq_percent_rm0.2_r03,freq_percent,0.2,0.8,3,target5,0.09945831154473718,0.0533389041574127,94.74399637516991
freq_percent_rm0.2_r03,freq_percent,0.2,0.8,3,target6,0.2928257584536039,0.2241941413436136,84.00543724512913
