run_id,strat,remove_frac,keep_frac,repeat_id,target,initial_mae_ms,adjusted_mae_ms,adjusted_accuracy_pct
freq_percent_rm0.6_r01,freq_percent,0.6,0.4,1,all targets,0.1259284184147396,0.06452556082287295,94.53502415458938
freq_percent_rm0.6_r01,freq_percent,0.6,0.4,1,target1,0.034912440479725984,0.006678256414825374,99.18478260869566
freq_percent_rm0.6_r01,freq_percent,0.6,0.4,1,target2,0.04400228948879385,0.006418546443137721,99.18478260869566
freq_percent_rm0.6_r01,freq_percent,0.6,0.4,1,target3,0.09779935505266493,0.025674185772550883,97.37318840579711
freq_percent_rm0.6_r01,freq_percent,0.6,0.4,1,target4,0.08295878524194186,0.031313602300625645,95.92391304347827
freq_percent_rm0.6_r01,freq_percent,0.6,0.4,1,target5,0.13271179553239093,0.061959378959768746,93.93115942028986
freq_percent_rm0.6_r01,freq_percent,0.6,0.4,1,target6,0.36318584469292,0.2551093950463293,81.61231884057972
