run_id,strat,remove_frac,keep_frac,repeat_id,target,initial_mae_ms,adjusted_mae_ms,adjusted_accuracy_pct
freq_percent_rm0.975_r02,freq_percent,0.975,0.025000000000000022,2,all targets,0.2585227261027956,0.10309249161848949,91.06280193236715
freq_percent_rm0.975_r02,freq_percent,0.975,0.025000000000000022,2,target1,0.12762890037221827,0.01721506098043874,98.55072463768117
freq_percent_rm0.975_r02,freq_percent,0.975,0.025000000000000022,2,target2,0.15968453116338005,0.01899592935772551,98.55072463768117
freq_percent_rm0.975_r02,freq_percent,0.975,0.025000000000000022,2,target3,0.3027476241387503,0.0563941652807476,94.20289855072464
freq_percent_rm0.975_r02,freq_percent,0.975,0.025000000000000022,2,target4,0.19589552150154432,0.08429443652490694,91.30434782608695
freq_percent_rm0.975_r02,freq_percent,0.975,0.025000000000000022,2,target5,0.29799864179931895,0.14603120693751484,88.40579710144928
freq_percent_rm0.975_r02,freq_percent,0.975,0.025000000000000022,2,target6,0.4671811376415618,0.29562415062960323,75.36231884057972
