run_id,strat,remove_frac,keep_frac,repeat_id,target,initial_mae_ms,adjusted_mae_ms,adjusted_accuracy_pct
freq_percent_rm0.1_r02,freq_percent,0.1,0.9,2,all targets,0.09492742996892316,0.06216274973124903,94.98121309715512
freq_percent_rm0.1_r02,freq_percent,0.1,0.9,2,target1,0.021205525307322053,0.008195292439921509,99.15458937198068
freq_percent_rm0.1_r02,freq_percent,0.1,0.9,2,target2,0.02809814550830232,0.0076511382135283305,99.03381642512076
freq_percent_rm0.1_r02,freq_percent,0.1,0.9,2,target3,0.05863674027436797,0.01947412549607103,98.06763285024155
freq_percent_rm0.1_r02,freq_percent,0.1,0.9,2,target4,0.057103214727259925,0.03109923851447076,96.41706924315619
freq_percent_rm0.1_r02,freq_percent,0.1,0.9,2,target5,0.09873925780734405,0.058455355532236915,94.56521739130434
freq_percent_rm0.1_r02,freq_percent,0.1,0.9,2,target6,0.3057816961889426,0.24810134819126564,82.64895330112722
