run_id,strat,remove_frac,keep_frac,repeat_id,target,initial_mae_ms,adjusted_mae_ms,adjusted_accuracy_pct
freq_percent_rm0.1_r09,freq_percent,0.1,0.9,9,all targets,0.09960220945930091,0.06391063906451197,94.82018250134192
freq_percent_rm0.1_r09,freq_percent,0.1,0.9,9,target1,0.02191457475383438,0.009976160817208275,98.95330112721416
freq_percent_rm0.1_r09,freq_percent,0.1,0.9,9,target2,0.0292194330051125,0.008145823873885766,98.99355877616746
freq_percent_rm0.1_r09,freq_percent,0.1,0.9,9,target3,0.0659415985256461,0.022326812804132238,97.70531400966183
freq_percent_rm0.1_r09,freq_percent,0.1,0.9,9,target4,0.061126658098167065,0.032814148803709864,96.05475040257649
freq_percent_rm0.1_r09,freq_percent,0.1,0.9,9,target5,0.10460952764358561,0.05805960700395098,94.44444444444444
freq_percent_rm0.1_r09,freq_percent,0.1,0.9,9,target6,0.3148014647294598,0.2521412810841847,82.76972624798712
