run_id,strat,remove_frac,keep_frac,repeat_id,target,initial_mae_ms,adjusted_mae_ms,adjusted_accuracy_pct
freq_percent_rm0.45_r07,freq_percent,0.45,0.55,7,all targets,0.1132020676592487,0.06255525032338112,94.6969696969697
freq_percent_rm0.45_r07,freq_percent,0.45,0.55,7,target1,0.0313270937277263,0.007986924843589135,99.14361001317523
freq_percent_rm0.45_r07,freq_percent,0.45,0.55,7,target2,0.036669698859586604,0.008688479052823316,98.9459815546772
freq_percent_rm0.45_r07,freq_percent,0.45,0.55,7,target3,0.0827294309812307,0.01985938069216758,97.76021080368906
freq_percent_rm0.45_r07,freq_percent,0.45,0.55,7,target4,0.0737171576779916,0.034052362002059085,95.91567852437419
freq_percent_rm0.45_r07,freq_percent,0.45,0.55,7,target5,0.11616118733665953,0.05617830244713709,94.40052700922266
freq_percent_rm0.45_r07,freq_percent,0.45,0.55,7,target6,0.3386078373722975,0.2485660529025105,82.01581027667984
