run_id,strat,remove_frac,keep_frac,repeat_id,target,initial_mae_ms,adjusted_mae_ms,adjusted_accuracy_pct
freq_percent_rm0.85_r10,freq_percent,0.85,0.15000000000000002,10,all targets,0.17986770610596342,0.08045237789613087,92.9951690821256
freq_percent_rm0.85_r10,freq_percent,0.85,0.15000000000000002,10,target1,0.06094527335603601,0.00860753049021937,99.27536231884058
freq_percent_rm0.85_r10,freq_percent,0.85,0.15000000000000002,10,target2,0.07895183139304665,0.010190524603363164,99.03381642512076
freq_percent_rm0.85_r10,freq_percent,0.85,0.15000000000000002,10,target3,0.14286521871122726,0.0289885796969457,96.85990338164251
freq_percent_rm0.85_r10,freq_percent,0.85,0.15000000000000002,10,target4,0.11367876475013859,0.034133310564663025,95.89371980676329
freq_percent_rm0.85_r10,freq_percent,0.85,0.15000000000000002,10,target5,0.2258734725192049,0.1052691085240622,90.09661835748793
freq_percent_rm0.85_r10,freq_percent,0.85,0.15000000000000002,10,target6,0.4568916759061271,0.29552521349753175,76.81159420289855
