run_id,strat,remove_frac,keep_frac,repeat_id,target,initial_mae_ms,adjusted_mae_ms,adjusted_accuracy_pct
freq_percent_rm0.3_r05,freq_percent,0.3,0.7,5,all targets,0.10987675210339144,0.06748572447976181,94.52208419599724
freq_percent_rm0.3_r05,freq_percent,0.3,0.7,5,target1,0.027497455777868288,0.008565128862188734,99.22360248447205
freq_percent_rm0.3_r05,freq_percent,0.3,0.7,5,target2,0.03370929428435666,0.009455563050832118,98.9648033126294
freq_percent_rm0.3_r05,freq_percent,0.3,0.7,5,target3,0.07409684498353868,0.020628392036905047,97.87784679089026
freq_percent_rm0.3_r05,freq_percent,0.3,0.7,5,target4,0.06913585450395413,0.035044945567321725,95.80745341614907
freq_percent_rm0.3_r05,freq_percent,0.3,0.7,5,target5,0.11111346625428505,0.06311482332360362,93.84057971014492
freq_percent_rm0.3_r05,freq_percent,0.3,0.7,5,target6,0.343707596816346,0.2681054940377196,81.41821946169773
