run_id,strat,remove_frac,keep_frac,repeat_id,target,initial_mae_ms,adjusted_mae_ms,adjusted_accuracy_pct
freq_percent_rm0.85_r05,freq_percent,0.85,0.15000000000000002,5,all targets,0.1821432601436076,0.08892799221025492,92.27053140096618
freq_percent_rm0.85_r05,freq_percent,0.85,0.15000000000000002,5,target1,0.06549638143132441,0.010388398867506138,99.03381642512076
freq_percent_rm0.85_r05,freq_percent,0.85,0.15000000000000002,5,target2,0.0908242872416251,0.02315128890472796,96.85990338164251
freq_percent_rm0.85_r05,freq_percent,0.85,0.15000000000000002,5,target3,0.1533525547108049,0.03858548150787994,95.65217391304348
freq_percent_rm0.85_r05,freq_percent,0.85,0.15000000000000002,5,target4,0.10734678829756343,0.03314393924394816,96.1352657004831
freq_percent_rm0.85_r05,freq_percent,0.85,0.15000000000000002,5,target5,0.21152758836883925,0.09309984127926929,91.06280193236715
freq_percent_rm0.85_r05,freq_percent,0.85,0.15000000000000002,5,target6,0.46431196081148857,0.3351990034581981,74.8792270531401
