run_id,strat,remove_frac,keep_frac,repeat_id,target,initial_mae_ms,adjusted_mae_ms,adjusted_accuracy_pct
freq_percent_rm0.85_r04,freq_percent,0.85,0.15000000000000002,4,all targets,0.1798841956279753,0.07726990014783136,93.67954911433173
freq_percent_rm0.85_r04,freq_percent,0.85,0.15000000000000002,4,target1,0.058966530714606266,0.0038585481507879943,99.51690821256038
freq_percent_rm0.85_r04,freq_percent,0.85,0.15000000000000002,4,target2,0.07895183139304665,0.013257575697579262,98.30917874396135
freq_percent_rm0.85_r04,freq_percent,0.85,0.15000000000000002,4,target3,0.13663217939072358,0.017610809508724692,98.30917874396135
freq_percent_rm0.85_r04,freq_percent,0.85,0.15000000000000002,4,target4,0.11130427358042291,0.029582202489374623,96.61835748792271
freq_percent_rm0.85_r04,freq_percent,0.85,0.15000000000000002,4,target5,0.20727329168976533,0.07588478029883056,92.512077294686
freq_percent_rm0.85_r04,freq_percent,0.85,0.15000000000000002,4,target6,0.48617706699928726,0.3234254847416911,76.81159420289855
