run_id,strat,remove_frac,keep_frac,repeat_id,target,initial_mae_ms,adjusted_mae_ms,adjusted_accuracy_pct
freq_percent_rm0.7_r07,freq_percent,0.7,0.30000000000000004,7,all targets,0.13786225386709483,0.06677251491113886,94.35711406690851
freq_percent_rm0.7_r07,freq_percent,0.7,0.30000000000000004,7,target1,0.044080260801765546,0.013471720155146326,98.79081015719467
freq_percent_rm0.7_r07,freq_percent,0.7,0.30000000000000004,7,target2,0.06022651363477181,0.014610872962382964,98.18621523579202
freq_percent_rm0.7_r07,freq_percent,0.7,0.30000000000000004,7,target3,0.10633743813639399,0.02109909112533947,97.70253929866989
freq_percent_rm0.7_r07,freq_percent,0.7,0.30000000000000004,7,target4,0.08622891466952115,0.027587309288295968,96.49334945586457
freq_percent_rm0.7_r07,freq_percent,0.7,0.30000000000000004,7,target5,0.13872900056825316,0.06389161397109838,93.9540507859734
freq_percent_rm0.7_r07,freq_percent,0.7,0.30000000000000004,7,target6,0.3915713953918635,0.25997448196457007,81.01571946795647
