run_id,strat,remove_frac,keep_frac,repeat_id,target,initial_mae_ms,adjusted_mae_ms,adjusted_accuracy_pct
freq_percent_rm0.8_r06,freq_percent,0.8,0.19999999999999996,6,all targets,0.15925168121056732,0.0655582171388691,94.32367149758454
freq_percent_rm0.8_r06,freq_percent,0.8,0.19999999999999996,6,target1,0.05342605131860299,0.004674779490377761,99.45652173913044
freq_percent_rm0.8_r06,freq_percent,0.8,0.19999999999999996,6,target2,0.0627014074503049,0.004823185188484992,98.91304347826086
freq_percent_rm0.8_r06,freq_percent,0.8,0.19999999999999996,6,target3,0.13059701433436288,0.033613890621287716,96.37681159420289
freq_percent_rm0.8_r06,freq_percent,0.8,0.19999999999999996,6,target4,0.1000254405242734,0.02812287979132019,96.01449275362319
freq_percent_rm0.8_r06,freq_percent,0.8,0.19999999999999996,6,target5,0.18342944286053697,0.05995590203532114,94.20289855072464
freq_percent_rm0.8_r06,freq_percent,0.8,0.19999999999999996,6,target6,0.42533073077532274,0.26215866570642277,80.97826086956522
