run_id,strat,remove_frac,keep_frac,repeat_id,target,initial_mae_ms,adjusted_mae_ms,adjusted_accuracy_pct
freq_percent_rm0.9_r03,freq_percent,0.9,0.09999999999999998,3,all targets,0.19784908014571947,0.08829977140255009,92.36363636363636
freq_percent_rm0.9_r03,freq_percent,0.9,0.09999999999999998,3,target1,0.0786431475409836,0.020703404371584702,97.45454545454545
freq_percent_rm0.9_r03,freq_percent,0.9,0.09999999999999998,3,target2,0.0872819781420765,0.019065005464480873,97.45454545454545
freq_percent_rm0.9_r03,freq_percent,0.9,0.09999999999999998,3,target3,0.18469224043715846,0.02442703825136612,97.0909090909091
freq_percent_rm0.9_r03,freq_percent,0.9,0.09999999999999998,3,target4,0.1176668306010929,0.03306586885245902,96.0
freq_percent_rm0.9_r03,freq_percent,0.9,0.09999999999999998,3,target5,0.19824626775956283,0.06002497814207651,93.81818181818183
freq_percent_rm0.9_r03,freq_percent,0.9,0.09999999999999998,3,target6,0.5205640163934426,0.37251233333333333,72.36363636363636
