run_id,strat,remove_frac,keep_frac,repeat_id,target,initial_mae_ms,adjusted_mae_ms,adjusted_accuracy_pct
freq_percent_rm0.75_r08,freq_percent,0.75,0.25,8,all targets,0.14090626349621183,0.056878957227897896,94.97584541062803
freq_percent_rm0.75_r08,freq_percent,0.75,0.25,8,target1,0.04659938920567039,0.005342605131860299,99.42028985507247
freq_percent_rm0.75_r08,freq_percent,0.75,0.25,8,target2,0.06066824938623584,0.00801390769779045,98.84057971014492
freq_percent_rm0.75_r08,freq_percent,0.75,0.25,8,target3,0.10637720440326284,0.02166723192365566,97.53623188405797
freq_percent_rm0.75_r08,freq_percent,0.75,0.25,8,target4,0.09414857487922705,0.02036126178031203,97.3913043478261
freq_percent_rm0.75_r08,freq_percent,0.75,0.25,8,target5,0.15576662073334918,0.05918419240516354,94.05797101449276
freq_percent_rm0.75_r08,freq_percent,0.75,0.25,8,target6,0.3818775423695256,0.22670454442860538,82.6086956521739
