run_id,strat,remove_frac,keep_frac,repeat_id,target,initial_mae_ms,adjusted_mae_ms,adjusted_accuracy_pct
freq_percent_rm0.2_r08,freq_percent,0.2,0.8,8,all targets,0.10823058782578698,0.06826971431560286,94.35130644917686
freq_percent_rm0.2_r08,freq_percent,0.2,0.8,8,target1,0.020711975309559004,0.004695456768206477,99.45627548708654
freq_percent_rm0.2_r08,freq_percent,0.2,0.8,8,target2,0.031197876787964773,0.009873450595596227,98.77661984594472
freq_percent_rm0.2_r08,freq_percent,0.2,0.8,8,target3,0.06638596387302201,0.021361544427690338,97.87041232442229
freq_percent_rm0.2_r08,freq_percent,0.2,0.8,8,target4,0.0598902726917087,0.030678221493459706,96.28454916175804
freq_percent_rm0.2_r08,freq_percent,0.2,0.8,8,target5,0.118611320970781,0.06356497798856595,93.88309922972361
freq_percent_rm0.2_r08,freq_percent,0.2,0.8,8,target6,0.3525861173216864,0.2794446346200985,79.83688264612596
