run_id,strat,remove_frac,keep_frac,repeat_id,target,initial_mae_ms,adjusted_mae_ms,adjusted_accuracy_pct
freq_percent_rm0.95_r08,freq_percent,0.95,0.050000000000000044,8,all targets,0.2357408499429964,0.0876661285725518,91.96642685851319
freq_percent_rm0.95_r08,freq_percent,0.95,0.050000000000000044,8,target1,0.09871648091362976,0.012376394622007313,98.56115107913669
freq_percent_rm0.95_r08,freq_percent,0.95,0.050000000000000044,8,target2,0.1222905659079294,0.006777549435861147,98.56115107913669
freq_percent_rm0.95_r08,freq_percent,0.95,0.050000000000000044,8,target3,0.23043668081927898,0.026520845618587096,97.12230215827337
freq_percent_rm0.95_r08,freq_percent,0.95,0.050000000000000044,8,target4,0.16089313008609507,0.05805118429846287,92.80575539568345
freq_percent_rm0.95_r08,freq_percent,0.95,0.050000000000000044,8,target5,0.27287003380901836,0.07101693104532768,92.80575539568345
freq_percent_rm0.95_r08,freq_percent,0.95,0.050000000000000044,8,target6,0.5292382081220269,0.3512538664150647,71.94244604316546
