run_id,strat,remove_frac,keep_frac,repeat_id,target,initial_mae_ms,adjusted_mae_ms,adjusted_accuracy_pct
freq_percent_rm0.3_r01,freq_percent,0.3,0.7,1,all targets,0.10586979825449623,0.06293814987347596,94.91028295376121
freq_percent_rm0.3_r01,freq_percent,0.3,0.7,1,target1,0.02741265252180701,0.0063814450186109135,99.43064182194618
freq_percent_rm0.3_r01,freq_percent,0.3,0.7,1,target2,0.03434531870481621,0.009794776075077217,98.91304347826086
freq_percent_rm0.3_r01,freq_percent,0.3,0.7,1,target3,0.07155274730170044,0.021497625411533113,97.87784679089026
freq_percent_rm0.3_r01,freq_percent,0.3,0.7,1,target4,0.06506529821301293,0.03375169591238729,96.2215320910973
freq_percent_rm0.3_r01,freq_percent,0.3,0.7,1,target5,0.11539603068537942,0.06375084774406319,93.84057971014492
freq_percent_rm0.3_r01,freq_percent,0.3,0.7,1,target6,0.32144674210026136,0.2424525090791841,83.17805383022774
