run_id,strat,remove_frac,keep_frac,repeat_id,target,initial_mae_ms,adjusted_mae_ms,adjusted_accuracy_pct
freq_percent_rm0.975_r08,freq_percent,0.975,0.025000000000000022,8,all targets,0.2714834904041604,0.10190524603363163,90.57971014492753
freq_percent_rm0.975_r08,freq_percent,0.975,0.025000000000000022,8,target1,0.1395013562207967,0.026713025659301497,97.10144927536231
freq_percent_rm0.975_r08,freq_percent,0.975,0.025000000000000022,8,target2,0.1418758473905124,0.036804613130593175,95.65217391304348
freq_percent_rm0.975_r08,freq_percent,0.975,0.025000000000000022,8,target3,0.267130256593015,0.03739823592302209,95.65217391304348
freq_percent_rm0.975_r08,freq_percent,0.975,0.025000000000000022,8,target4,0.17630596935138987,0.060549524827750056,92.7536231884058
freq_percent_rm0.975_r08,freq_percent,0.975,0.025000000000000022,8,target5,0.3603290350043558,0.13831411063593888,86.95652173913044
freq_percent_rm0.975_r08,freq_percent,0.975,0.025000000000000022,8,target6,0.5437584778648927,0.31165196602518414,75.36231884057972
