run_id,strat,remove_frac,keep_frac,repeat_id,target,initial_mae_ms,adjusted_mae_ms,adjusted_accuracy_pct
freq_percent_rm0.9_r07,freq_percent,0.9,0.09999999999999998,7,all targets,0.19755118943533698,0.08951615846994536,92.3030303030303
freq_percent_rm0.9_r07,freq_percent,0.9,0.09999999999999998,7,target1,0.07789842076502733,0.02115024043715847,97.45454545454545
freq_percent_rm0.9_r07,freq_percent,0.9,0.09999999999999998,7,target2,0.09785709836065574,0.019958677595628416,97.0909090909091
freq_percent_rm0.9_r07,freq_percent,0.9,0.09999999999999998,7,target3,0.15817996721311475,0.025767546448087434,97.45454545454545
freq_percent_rm0.9_r07,freq_percent,0.9,0.09999999999999998,7,target4,0.146711174863388,0.05272665573770492,93.81818181818183
freq_percent_rm0.9_r07,freq_percent,0.9,0.09999999999999998,7,target5,0.218056,0.08862248633879781,92.36363636363636
freq_percent_rm0.9_r07,freq_percent,0.9,0.09999999999999998,7,target6,0.4866044754098361,0.3288713442622951,75.63636363636364
