run_id,strat,remove_frac,keep_frac,repeat_id,target,initial_mae_ms,adjusted_mae_ms,adjusted_accuracy_pct
freq_percent_rm0.55_r04,freq_percent,0.55,0.44999999999999996,4,all targets,0.12150468392462159,0.0621000713883128,94.73542841794253
freq_percent_rm0.55_r04,freq_percent,0.55,0.44999999999999996,4,target1,0.03363272534929085,0.005941011347274145,99.35535858178888
freq_percent_rm0.55_r04,freq_percent,0.55,0.44999999999999996,4,target2,0.04059691087303999,0.005115870882374958,99.35535858178888
freq_percent_rm0.55_r04,freq_percent,0.55,0.44999999999999996,4,target3,0.08696980500037428,0.019143258785661133,97.98549556809026
freq_percent_rm0.55_r04,freq_percent,0.55,0.44999999999999996,4,target4,0.08383427123375738,0.036570225404331955,95.64867042707495
freq_percent_rm0.55_r04,freq_percent,0.55,0.44999999999999996,4,target5,0.1395147498051545,0.06908075972135992,93.15068493150685
freq_percent_rm0.55_r04,freq_percent,0.55,0.44999999999999996,4,target6,0.34447964128611247,0.23674930218887463,82.91700241740531
