run_id,strat,remove_frac,keep_frac,repeat_id,target,initial_mae_ms,adjusted_mae_ms,adjusted_accuracy_pct
freq_percent_rm0.25_r09,freq_percent,0.25,0.75,9,all targets,0.10264079507448404,0.06236051905965501,94.96536168841631
freq_percent_rm0.25_r09,freq_percent,0.25,0.75,9,target1,0.024112734036399942,0.005998488023833483,99.32334461092314
freq_percent_rm0.25_r09,freq_percent,0.25,0.75,9,target2,0.0319325451565789,0.00853250276657502,98.98501691638472
freq_percent_rm0.25_r09,freq_percent,0.25,0.75,9,target3,0.06382549633280246,0.01955942629553624,97.92170130497824
freq_percent_rm0.25_r09,freq_percent,0.25,0.75,9,target4,0.06216254915787833,0.029438124394192702,96.32672788786853
freq_percent_rm0.25_r09,freq_percent,0.25,0.75,9,target5,0.10292455193369729,0.054619895900186725,94.78008699855003
freq_percent_rm0.25_r09,freq_percent,0.25,0.75,9,target6,0.3308868938295473,0.25601467697760594,82.45529241179314
