run_id,strat,remove_frac,keep_frac,repeat_id,target,initial_mae_ms,adjusted_mae_ms,adjusted_accuracy_pct
freq_percent_rm0.65_r10,freq_percent,0.65,0.35,10,all targets,0.13340965566039514,0.06544691286528867,94.27191166321602
freq_percent_rm0.65_r10,freq_percent,0.65,0.35,10,target1,0.0398999319768297,0.008819538630372558,99.17184265010351
freq_percent_rm0.65_r10,freq_percent,0.65,0.35,10,target2,0.05830223854212629,0.015646200743305163,98.03312629399586
freq_percent_rm0.65_r10,freq_percent,0.65,0.35,10,target3,0.09455563050832118,0.014246947018294131,98.4472049689441
freq_percent_rm0.65_r10,freq_percent,0.65,0.35,10,target4,0.09540366306893393,0.03756784243514465,95.65217391304348
freq_percent_rm0.65_r10,freq_percent,0.65,0.35,10,target5,0.14454714995644255,0.06415366321035423,93.89233954451346
freq_percent_rm0.65_r10,freq_percent,0.65,0.35,10,target6,0.36774931990971726,0.2522472851542613,80.43478260869566
