run_id,strat,remove_frac,keep_frac,repeat_id,target,initial_mae_ms,adjusted_mae_ms,adjusted_accuracy_pct
freq_percent_rm0.6_r07,freq_percent,0.6,0.4,7,all targets,0.13183991205601092,0.06975067811039835,93.94625603864735
freq_percent_rm0.6_r07,freq_percent,0.6,0.4,7,target1,0.03739823592302209,0.010314196018452524,98.91304347826086
freq_percent_rm0.6_r07,freq_percent,0.6,0.4,7,target2,0.05119996584699454,0.011353035905203137,98.46014492753623
freq_percent_rm0.6_r07,freq_percent,0.6,0.4,7,target3,0.09646370376969984,0.023448100300942427,97.55434782608695
freq_percent_rm0.6_r07,freq_percent,0.6,0.4,7,target4,0.08444284222301418,0.033242876376019644,95.83333333333334
freq_percent_rm0.6_r07,freq_percent,0.6,0.4,7,target5,0.13875932773026056,0.06596633280866397,93.47826086956522
freq_percent_rm0.6_r07,freq_percent,0.6,0.4,7,target6,0.3827753968430744,0.2741795272531084,79.43840579710145
