run_id,strat,remove_frac,keep_frac,repeat_id,target,initial_mae_ms,adjusted_mae_ms,adjusted_accuracy_pct
freq_percent_rm0.9_r01,freq_percent,0.9,0.09999999999999998,1,all targets,0.20522187522768673,0.08571805191256832,92.66666666666666
freq_percent_rm0.9_r01,freq_percent,0.9,0.09999999999999998,1,target1,0.07685580327868853,0.00848988524590164,98.9090909090909
freq_percent_rm0.9_r01,freq_percent,0.9,0.09999999999999998,1,target2,0.09160139344262296,0.016235043715846994,97.81818181818181
freq_percent_rm0.9_r01,freq_percent,0.9,0.09999999999999998,1,target3,0.1977994316939891,0.03753422950819672,95.63636363636364
freq_percent_rm0.9_r01,freq_percent,0.9,0.09999999999999998,1,target4,0.11692210382513661,0.020852349726775955,97.45454545454545
freq_percent_rm0.9_r01,freq_percent,0.9,0.09999999999999998,1,target5,0.2119492404371585,0.06315283060109289,93.0909090909091
freq_percent_rm0.9_r01,freq_percent,0.9,0.09999999999999998,1,target6,0.5362032786885247,0.3680439726775957,73.0909090909091
