run_id,strat,remove_frac,keep_frac,repeat_id,target,initial_mae_ms,adjusted_mae_ms,adjusted_accuracy_pct
freq_percent_rm0.05_r09,freq_percent,0.05,0.95,9,all targets,0.0976603521583309,0.06151291571073013,94.96819338422392
freq_percent_rm0.05_r09,freq_percent,0.05,0.95,9,target1,0.021105329433112253,0.007519750709131106,99.23664122137404
freq_percent_rm0.05_r09,freq_percent,0.05,0.95,9,target2,0.028593812987527636,0.007332147780836775,99.08396946564886
freq_percent_rm0.05_r09,freq_percent,0.05,0.95,9,target3,0.063738094887999,0.020870825772744336,97.90076335877863
freq_percent_rm0.05_r09,freq_percent,0.05,0.95,9,target4,0.06043941006549035,0.03284614602886581,96.18320610687023
freq_percent_rm0.05_r09,freq_percent,0.05,0.95,9,target5,0.10576115082592917,0.06280008024652735,94.08396946564885
freq_percent_rm0.05_r09,freq_percent,0.05,0.95,9,target6,0.306324314749927,0.2377085437262754,83.3206106870229
