run_id,strat,remove_frac,keep_frac,repeat_id,target,initial_mae_ms,adjusted_mae_ms,adjusted_accuracy_pct
freq_percent_rm0.35_r10,freq_percent,0.35,0.65,10,all targets,0.1110198776079207,0.06481331240850627,94.52500464770404
freq_percent_rm0.35_r10,freq_percent,0.35,0.65,10,target1,0.02981191541788193,0.010188593315230145,98.94032348020077
freq_percent_rm0.35_r10,freq_percent,0.35,0.65,10,target2,0.03792167018673103,0.010622636528210803,98.66146123814835
freq_percent_rm0.35_r10,freq_percent,0.35,0.65,10,target3,0.07253090532703074,0.02087976298233263,97.76910206358059
freq_percent_rm0.35_r10,freq_percent,0.35,0.65,10,target4,0.06764220808609071,0.03214204214019914,95.92861126603458
freq_percent_rm0.35_r10,freq_percent,0.35,0.65,10,target5,0.11913343977337491,0.06058329478024741,94.14389291689905
freq_percent_rm0.35_r10,freq_percent,0.35,0.65,10,target6,0.3390791268564149,0.25446354470481747,81.70663692136084
