run_id,strat,remove_frac,keep_frac,repeat_id,target,initial_mae_ms,adjusted_mae_ms,adjusted_accuracy_pct
freq_percent_rm0.6_r10,freq_percent,0.6,0.4,10,all targets,0.1273753739712851,0.06454411153513635,94.44444444444444
freq_percent_rm0.6_r10,freq_percent,0.6,0.4,10,target1,0.03357678919676091,0.006641154990298567,99.27536231884058
freq_percent_rm0.6_r10,freq_percent,0.6,0.4,10,target2,0.04596866498871466,0.009201153282648294,98.91304347826086
freq_percent_rm0.6_r10,freq_percent,0.6,0.4,10,target3,0.09230834422269739,0.018476509414350202,97.91666666666666
freq_percent_rm0.6_r10,freq_percent,0.6,0.4,10,target4,0.08870950604359705,0.03702722167775402,95.65217391304348
freq_percent_rm0.6_r10,freq_percent,0.6,0.4,10,target5,0.14387932431496,0.06978777953492517,93.20652173913044
freq_percent_rm0.6_r10,freq_percent,0.6,0.4,10,target6,0.35980961506098047,0.24613085031084186,81.70289855072464
