run_id,strat,remove_frac,keep_frac,repeat_id,target,initial_mae_ms,adjusted_mae_ms,adjusted_accuracy_pct
freq_percent_rm0.1_r06,freq_percent,0.1,0.9,6,all targets,0.0985688660798876,0.06313013502261468,94.84031132581858
freq_percent_rm0.1_r06,freq_percent,0.1,0.9,6,target1,0.021947553797858208,0.00885487332039809,99.11433172302738
freq_percent_rm0.1_r06,freq_percent,0.1,0.9,6,target2,0.030687000464172894,0.010091587471291677,98.75201288244766
freq_percent_rm0.1_r06,freq_percent,0.1,0.9,6,target3,0.061951134198762796,0.01935869884198763,98.02737520128825
freq_percent_rm0.1_r06,freq_percent,0.1,0.9,6,target4,0.0585542926643084,0.03279765928169795,96.05475040257649
freq_percent_rm0.1_r06,freq_percent,0.1,0.9,6,target5,0.10319142875056098,0.056954809029152696,94.48470209339774
freq_percent_rm0.1_r06,freq_percent,0.1,0.9,6,target6,0.3150817866036624,0.2507231821911601,82.6086956521739
