run_id,strat,remove_frac,keep_frac,repeat_id,target,initial_mae_ms,adjusted_mae_ms,adjusted_accuracy_pct
freq_percent_rm0.8_r08,freq_percent,0.8,0.19999999999999996,8,all targets,0.1620713894746047,0.07611975598750033,93.71980676328504
freq_percent_rm0.8_r08,freq_percent,0.8,0.19999999999999996,8,target1,0.052090400035637925,0.0031907225093054568,99.63768115942028
freq_percent_rm0.8_r08,freq_percent,0.8,0.19999999999999996,8,target2,0.06500169577096697,0.009646370376969984,98.73188405797102
freq_percent_rm0.8_r08,freq_percent,0.8,0.19999999999999996,8,target3,0.11627586446701513,0.02352230314999604,97.46376811594203
freq_percent_rm0.8_r08,freq_percent,0.8,0.19999999999999996,8,target4,0.10573905990140176,0.035394758998574485,95.65217391304348
freq_percent_rm0.8_r08,freq_percent,0.8,0.19999999999999996,8,target5,0.18580393403025264,0.08659472484556903,92.21014492753623
freq_percent_rm0.8_r08,freq_percent,0.8,0.19999999999999996,8,target6,0.44751738264235374,0.298369656044587,78.62318840579711
