run_id,strat,remove_frac,keep_frac,repeat_id,target,initial_mae_ms,adjusted_mae_ms,adjusted_accuracy_pct
freq_percent_rm0.5_r06,freq_percent,0.5,0.5,6,all targets,0.1160235532565638,0.063563699441664,94.74256707759245
freq_percent_rm0.5_r06,freq_percent,0.5,0.5,6,target1,0.02919771801455874,0.004633615473317562,99.4198694706309
freq_percent_rm0.5_r06,freq_percent,0.5,0.5,6,target2,0.03665308650047354,0.007277152506171812,98.83973894126179
freq_percent_rm0.5_r06,freq_percent,0.5,0.5,6,target3,0.08290013324377767,0.021653241538772454,97.89702683103698
freq_percent_rm0.5_r06,freq_percent,0.5,0.5,6,target4,0.07452398219585746,0.033623414844842825,96.01160261058739
freq_percent_rm0.5_r06,freq_percent,0.5,0.5,6,target5,0.1196126250708322,0.05474200844438633,94.48875997099347
freq_percent_rm0.5_r06,freq_percent,0.5,0.5,6,target6,0.3532537745138831,0.259452763842493,81.79840464104423
