run_id,strat,remove_frac,keep_frac,repeat_id,target,initial_mae_ms,adjusted_mae_ms,adjusted_accuracy_pct
freq_percent_rm0.8_r05,freq_percent,0.8,0.19999999999999996,5,all targets,0.17126017561574405,0.0778016872327156,93.35748792270532
freq_percent_rm0.8_r05,freq_percent,0.8,0.19999999999999996,5,target1,0.05602315103547953,0.008384921943058525,99.27536231884058
freq_percent_rm0.8_r05,freq_percent,0.8,0.19999999999999996,5,target2,0.07182835788389959,0.006826662112932605,99.27536231884058
freq_percent_rm0.8_r05,freq_percent,0.8,0.19999999999999996,5,target3,0.12280571518373327,0.020851000584065894,97.82608695652173
freq_percent_rm0.8_r05,freq_percent,0.8,0.19999999999999996,5,target4,0.10974601375029698,0.032352442187376255,96.01449275362319
freq_percent_rm0.8_r05,freq_percent,0.8,0.19999999999999996,5,target5,0.18150016878514297,0.06767299833689713,93.29710144927536
freq_percent_rm0.8_r05,freq_percent,0.8,0.19999999999999996,5,target6,0.4856576470559119,0.33072209823196325,74.45652173913044
