run_id,strat,remove_frac,keep_frac,repeat_id,target,initial_mae_ms,adjusted_mae_ms,adjusted_accuracy_pct
freq_percent_rm0.95_r06,freq_percent,0.95,0.050000000000000044,6,all targets,0.21864963832212916,0.06875774790004062,94.24460431654677
freq_percent_rm0.95_r06,freq_percent,0.95,0.050000000000000044,6,target1,0.12965746746864804,0.01856459193301097,97.84172661870504
freq_percent_rm0.95_r06,freq_percent,0.95,0.050000000000000044,6,target2,0.13672969296693793,0.01650185949600975,97.84172661870504
freq_percent_rm0.95_r06,freq_percent,0.95,0.050000000000000044,6,target3,0.21334546919841174,0.026520845618587096,97.12230215827337
freq_percent_rm0.95_r06,freq_percent,0.95,0.050000000000000044,6,target4,0.13938177752879666,0.021511352557298424,96.40287769784173
freq_percent_rm0.95_r06,freq_percent,0.95,0.050000000000000044,6,target5,0.2546001179384362,0.07749980441876007,92.08633093525181
freq_percent_rm0.95_r06,freq_percent,0.95,0.050000000000000044,6,target6,0.4381833048315446,0.25194803337657745,84.17266187050359
