run_id,strat,remove_frac,keep_frac,repeat_id,target,initial_mae_ms,adjusted_mae_ms,adjusted_accuracy_pct
freq_percent_rm0.7_r10,freq_percent,0.7,0.30000000000000004,10,all targets,0.14089173995590532,0.0679446866403244,94.11527609834745
freq_percent_rm0.7_r10,freq_percent,0.7,0.30000000000000004,10,target1,0.04115808620928896,0.003912742250943234,99.51632406287787
freq_percent_rm0.7_r10,freq_percent,0.7,0.30000000000000004,10,target2,0.05616518623505858,0.010153318499283076,98.66989117291415
freq_percent_rm0.7_r10,freq_percent,0.7,0.30000000000000004,10,target3,0.09821478333696752,0.019117955808406185,98.0652962515115
freq_percent_rm0.7_r10,freq_percent,0.7,0.30000000000000004,10,target4,0.09955204967589748,0.032292505666012515,96.13059250302297
freq_percent_rm0.7_r10,freq_percent,0.7,0.30000000000000004,10,target5,0.1605710174374426,0.0802855087187213,92.01934703748489
freq_percent_rm0.7_r10,freq_percent,0.7,0.30000000000000004,10,target6,0.3896893168407768,0.26190608889858,80.29020556227327
