run_id,strat,remove_frac,keep_frac,repeat_id,target,initial_mae_ms,adjusted_mae_ms,adjusted_accuracy_pct
freq_percent_rm0.975_r05,freq_percent,0.975,0.025000000000000022,5,all targets,0.31155302889311265,0.14246947018294132,88.64734299516908
freq_percent_rm0.975_r05,freq_percent,0.975,0.025000000000000022,5,target1,0.15196743486180408,0.03621099033816425,95.65217391304348
freq_percent_rm0.975_r05,freq_percent,0.975,0.025000000000000022,5,target2,0.15909090837095113,0.04095997267759563,95.65217391304348
freq_percent_rm0.975_r05,freq_percent,0.975,0.025000000000000022,5,target3,0.3591417894194979,0.07479647184604418,92.7536231884058
freq_percent_rm0.975_r05,freq_percent,0.975,0.025000000000000022,5,target4,0.2018317494258335,0.06648575275203929,92.7536231884058
freq_percent_rm0.975_r05,freq_percent,0.975,0.025000000000000022,5,target5,0.29681139621446107,0.10269674309020353,88.40579710144928
freq_percent_rm0.975_r05,freq_percent,0.975,0.025000000000000022,5,target6,0.7004748950661283,0.533666890393601,66.66666666666666
