run_id,strat,remove_frac,keep_frac,repeat_id,target,initial_mae_ms,adjusted_mae_ms,adjusted_accuracy_pct
freq_percent_rm0.9_r04,freq_percent,0.9,0.09999999999999998,4,all targets,0.21115486520947177,0.09100561202185792,91.81818181818183
freq_percent_rm0.9_r04,freq_percent,0.9,0.09999999999999998,4,target1,0.0907077213114754,0.01653293442622951,98.18181818181819
freq_percent_rm0.9_r04,freq_percent,0.9,0.09999999999999998,4,target2,0.09472924590163934,0.010873010928961748,97.81818181818181
freq_percent_rm0.9_r04,freq_percent,0.9,0.09999999999999998,4,target3,0.16711668852459016,0.02249074863387978,97.45454545454545
freq_percent_rm0.9_r04,freq_percent,0.9,0.09999999999999998,4,target4,0.1376255081967213,0.04915196721311475,93.45454545454545
freq_percent_rm0.9_r04,freq_percent,0.9,0.09999999999999998,4,target5,0.25037714207650275,0.09666553551912568,90.18181818181819
freq_percent_rm0.9_r04,freq_percent,0.9,0.09999999999999998,4,target6,0.5263728852459016,0.3503194754098361,73.81818181818181
