run_id,strat,remove_frac,keep_frac,repeat_id,target,initial_mae_ms,adjusted_mae_ms,adjusted_accuracy_pct
freq_percent_rm0.55_r10,freq_percent,0.55,0.44999999999999996,10,all targets,0.11553066695875147,0.05966315654864386,94.82943862476498
freq_percent_rm0.55_r10,freq_percent,0.55,0.44999999999999996,10,target1,0.03363272534929085,0.005808988872890275,99.35535858178888
freq_percent_rm0.55_r10,freq_percent,0.55,0.44999999999999996,10,target2,0.04564677051822301,0.009472612537042664,98.95245769540692
freq_percent_rm0.55_r10,freq_percent,0.55,0.44999999999999996,10,target3,0.07924649024891789,0.018945225074085328,97.90491539081387
freq_percent_rm0.55_r10,freq_percent,0.55,0.44999999999999996,10,target4,0.07149016987886554,0.029540028643390885,95.8904109589041
freq_percent_rm0.55_r10,freq_percent,0.55,0.44999999999999996,10,target5,0.13030618221687956,0.06125842811411562,94.11764705882352
freq_percent_rm0.55_r10,freq_percent,0.55,0.44999999999999996,10,target6,0.3328616635403319,0.23295365605033838,82.75584206285254
