run_id,strat,remove_frac,keep_frac,repeat_id,target,initial_mae_ms,adjusted_mae_ms,adjusted_accuracy_pct
freq_percent_rm0.85_r01,freq_percent,0.85,0.15000000000000002,1,all targets,0.18140123165307145,0.0782262924245224,93.15619967793882
freq_percent_rm0.85_r01,freq_percent,0.85,0.15000000000000002,1,target1,0.07103686082732769,0.007519222037433015,99.27536231884058
freq_percent_rm0.85_r01,freq_percent,0.85,0.15000000000000002,1,target2,0.07984226558169003,0.009201153282648294,98.79227053140096
freq_percent_rm0.85_r01,freq_percent,0.85,0.15000000000000002,1,target3,0.15295680618251895,0.037497173055093584,95.89371980676329
freq_percent_rm0.85_r01,freq_percent,0.85,0.15000000000000002,1,target4,0.11941711841028485,0.04056422414930968,94.44444444444444
freq_percent_rm0.85_r01,freq_percent,0.85,0.15000000000000002,1,target5,0.21380314240648346,0.07519222037433014,92.512077294686
freq_percent_rm0.85_r01,freq_percent,0.85,0.15000000000000002,1,target6,0.45135119651012384,0.29938376164831976,78.01932367149759
