run_id,strat,remove_frac,keep_frac,repeat_id,target,initial_mae_ms,adjusted_mae_ms,adjusted_accuracy_pct
freq_percent_rm0.8_r01,freq_percent,0.8,0.19999999999999996,1,all targets,0.16353071217265913,0.07078951799714897,93.78019323671496
freq_percent_rm0.8_r01,freq_percent,0.8,0.19999999999999996,1,target1,0.060252713431535605,0.004823185188484992,99.45652173913044
freq_percent_rm0.8_r01,freq_percent,0.8,0.19999999999999996,1,target2,0.07494487754415143,0.011278833056149521,98.36956521739131
freq_percent_rm0.8_r01,freq_percent,0.8,0.19999999999999996,1,target3,0.13289730265502495,0.02404172309337135,97.46376811594203
freq_percent_rm0.8_r01,freq_percent,0.8,0.19999999999999996,1,target4,0.11968919552348144,0.044818520828383626,94.7463768115942
freq_percent_rm0.8_r01,freq_percent,0.8,0.19999999999999996,1,target5,0.18283582006810803,0.06500169577096697,93.65942028985508
freq_percent_rm0.8_r01,freq_percent,0.8,0.19999999999999996,1,target6,0.4105643638136533,0.2747731500455373,78.98550724637681
