run_id,strat,remove_frac,keep_frac,repeat_id,target,initial_mae_ms,adjusted_mae_ms,adjusted_accuracy_pct
freq_percent_rm0.1_r05,freq_percent,0.1,0.9,5,all targets,0.0964664520233685,0.06096176287804792,95.0281803542673
freq_percent_rm0.1_r05,freq_percent,0.1,0.9,5,target1,0.02207946997395352,0.008805404754362346,99.15458937198068
freq_percent_rm0.1_r05,freq_percent,0.1,0.9,5,target2,0.03063753189813715,0.008772425710338518,99.03381642512076
freq_percent_rm0.1_r05,freq_percent,0.1,0.9,5,target3,0.06585915091558653,0.02226085471608458,97.62479871175523
freq_percent_rm0.1_r05,freq_percent,0.1,0.9,5,target4,0.05819152318004629,0.03198967270311414,96.29629629629629
freq_percent_rm0.1_r05,freq_percent,0.1,0.9,5,target5,0.10182279842357207,0.06242933033710832,94.20289855072464
freq_percent_rm0.1_r05,freq_percent,0.1,0.9,5,target6,0.3002082377489155,0.23151288904727965,83.85668276972625
