run_id,strat,remove_frac,keep_frac,repeat_id,target,initial_mae_ms,adjusted_mae_ms,adjusted_accuracy_pct
freq_percent_rm0.65_r01,freq_percent,0.65,0.35,1,all targets,0.130738353094465,0.060641395021816445,94.97929606625259
freq_percent_rm0.65_r01,freq_percent,0.65,0.35,1,target1,0.03833107173969612,0.005893826296258585,99.37888198757764
freq_percent_rm0.65_r01,freq_percent,0.65,0.35,1,target2,0.05529172295195104,0.007886702813698538,98.86128364389234
freq_percent_rm0.65_r01,freq_percent,0.65,0.35,1,target3,0.09031546770525743,0.015306987719060064,98.4472049689441
freq_percent_rm0.65_r01,freq_percent,0.65,0.35,1,target4,0.08374321536050866,0.02463534588580027,96.8944099378882
freq_percent_rm0.65_r01,freq_percent,0.65,0.35,1,target5,0.15090739416103813,0.06483208925884443,93.58178053830227
freq_percent_rm0.65_r01,freq_percent,0.65,0.35,1,target6,0.36584124664833856,0.24529341815723676,82.71221532091097
