run_id,strat,remove_frac,keep_frac,repeat_id,target,initial_mae_ms,adjusted_mae_ms,adjusted_accuracy_pct
freq_percent_rm0.75_r10,freq_percent,0.75,0.25,10,all targets,0.15289744390327603,0.07058175001979884,93.88888888888889
freq_percent_rm0.75_r10,freq_percent,0.75,0.25,10,target1,0.05306987764314564,0.011872455848578444,98.84057971014492
freq_percent_rm0.75_r10,freq_percent,0.75,0.25,10,target2,0.06725746238219688,0.007776458580818881,98.84057971014492
freq_percent_rm0.75_r10,freq_percent,0.75,0.25,10,target3,0.10970149204086482,0.02754409756870199,96.81159420289856
freq_percent_rm0.75_r10,freq_percent,0.75,0.25,10,target4,0.10097523699215967,0.03342096321374832,95.3623188405797
freq_percent_rm0.75_r10,freq_percent,0.75,0.25,10,target5,0.16306818108022492,0.06702001326522532,93.33333333333333
freq_percent_rm0.75_r10,freq_percent,0.75,0.25,10,target6,0.4233124132810644,0.27585651164172015,80.14492753623188
