run_id,strat,remove_frac,keep_frac,repeat_id,target,initial_mae_ms,adjusted_mae_ms,adjusted_accuracy_pct
freq_percent_rm0.65_r03,freq_percent,0.65,0.35,3,all targets,0.13213053988147092,0.0676305967088665,94.18564527260179
freq_percent_rm0.65_r03,freq_percent,0.65,0.35,3,target1,0.03633819522225616,0.004324966059125005,99.4824016563147
freq_percent_rm0.65_r03,freq_percent,0.65,0.35,3,target2,0.0474050201382525,0.007335481649300252,99.06832298136646
freq_percent_rm0.65_r03,freq_percent,0.65,0.35,3,target3,0.09722693307425131,0.025652984958535567,97.20496894409938
freq_percent_rm0.65_r03,freq_percent,0.65,0.35,3,target4,0.08611770653022435,0.03459972847300004,95.8592132505176
freq_percent_rm0.65_r03,freq_percent,0.65,0.35,3,target5,0.1459464036814536,0.06640094949597801,93.58178053830227
freq_percent_rm0.65_r03,freq_percent,0.65,0.35,3,target6,0.37974898064238766,0.2674694696172601,79.91718426501035
