run_id,strat,remove_frac,keep_frac,repeat_id,target,initial_mae_ms,adjusted_mae_ms,adjusted_accuracy_pct
freq_percent_rm0.6_r04,freq_percent,0.6,0.4,4,all targets,0.12856261955614293,0.06939821457739369,94.26328502415458
freq_percent_rm0.6_r04,freq_percent,0.6,0.4,4,target1,0.03535765757404768,0.007754197726102796,99.27536231884058
freq_percent_rm0.6_r04,freq_percent,0.6,0.4,4,target2,0.051348371545101766,0.011538543027837174,98.73188405797102
freq_percent_rm0.6_r04,freq_percent,0.6,0.4,4,target3,0.08681733339272986,0.022965781782093925,97.55434782608695
freq_percent_rm0.6_r04,freq_percent,0.6,0.4,4,target4,0.08447994364754098,0.0349866433287796,95.92391304347827
freq_percent_rm0.6_r04,freq_percent,0.6,0.4,4,target5,0.12573672772135108,0.05672807810148888,94.56521739130434
freq_percent_rm0.6_r04,freq_percent,0.6,0.4,4,target6,0.3876356834560862,0.2824160434980597,79.52898550724638
