run_id,strat,remove_frac,keep_frac,repeat_id,target,initial_mae_ms,adjusted_mae_ms,adjusted_accuracy_pct
freq_percent_rm0.55_r05,freq_percent,0.55,0.44999999999999996,5,all targets,0.11517860702706113,0.059102061032512414,94.99059897931775
freq_percent_rm0.55_r05,freq_percent,0.55,0.44999999999999996,5,target1,0.03158637699634087,0.004125702324495934,99.51651893634165
freq_percent_rm0.55_r05,freq_percent,0.55,0.44999999999999996,5,target2,0.03996980411971661,0.00481882031501125,99.35535858178888
freq_percent_rm0.55_r05,freq_percent,0.55,0.44999999999999996,5,target3,0.08109480489029207,0.02062851162247967,97.74375503626108
freq_percent_rm0.55_r05,freq_percent,0.55,0.44999999999999996,5,target4,0.07314045080866391,0.028747893797087667,96.13215149073328
freq_percent_rm0.55_r05,freq_percent,0.55,0.44999999999999996,5,target5,0.13677528346168918,0.06752949564734943,93.4730056406124
freq_percent_rm0.55_r05,freq_percent,0.55,0.44999999999999996,5,target6,0.3285049218856642,0.2287619424886505,83.72280419016921
