run_id,strat,remove_frac,keep_frac,repeat_id,target,initial_mae_ms,adjusted_mae_ms,adjusted_accuracy_pct
freq_percent_rm0.7_r08,freq_percent,0.7,0.30000000000000004,8,all targets,0.14207216641557807,0.06770529945619495,94.11527609834745
freq_percent_rm0.7_r08,freq_percent,0.7,0.30000000000000004,8,target1,0.04313922152622224,0.010202846882206408,98.9117291414752
freq_percent_rm0.7_r08,freq_percent,0.7,0.30000000000000004,8,target2,0.057651037722758536,0.01168869836990637,98.42805320435308
freq_percent_rm0.7_r08,freq_percent,0.7,0.30000000000000004,8,target3,0.09935393614420414,0.016691065045162913,98.18621523579202
freq_percent_rm0.7_r08,freq_percent,0.7,0.30000000000000004,8,target4,0.0912312813447777,0.024318436015356052,96.37243047158404
freq_percent_rm0.7_r08,freq_percent,0.7,0.30000000000000004,8,target5,0.14769363787737627,0.05700716874475522,94.31680773881499
freq_percent_rm0.7_r08,freq_percent,0.7,0.30000000000000004,8,target6,0.4133638838781295,0.2863235816797828,78.47642079806529
