run_id,strat,remove_frac,keep_frac,repeat_id,target,initial_mae_ms,adjusted_mae_ms,adjusted_accuracy_pct
freq_percent_rm0.4_r09,freq_percent,0.4,0.6,9,all targets,0.10760964423092798,0.05969513842801248,94.92447129909365
freq_percent_rm0.4_r09,freq_percent,0.4,0.6,9,target1,0.02702615719875192,0.005717071715120598,99.33534743202416
freq_percent_rm0.4_r09,freq_percent,0.4,0.6,9,target2,0.03756932841364965,0.00796925148168326,98.97280966767372
freq_percent_rm0.4_r09,freq_percent,0.4,0.6,9,target3,0.07357945545044822,0.01591375373516253,98.3081570996979
freq_percent_rm0.4_r09,freq_percent,0.4,0.6,9,target4,0.062318556617634926,0.02608568652700048,96.73716012084593
freq_percent_rm0.4_r09,freq_percent,0.4,0.6,9,target5,0.11909328611757715,0.06194731819457514,93.95770392749245
freq_percent_rm0.4_r09,freq_percent,0.4,0.6,9,target6,0.326071081587506,0.2405377489145329,82.23564954682779
