run_id,strat,remove_frac,keep_frac,repeat_id,target,initial_mae_ms,adjusted_mae_ms,adjusted_accuracy_pct
freq_percent_rm0.4_r10,freq_percent,0.4,0.6,10,all targets,0.11157364561493295,0.06450473844232028,94.70292044310172
freq_percent_rm0.4_r10,freq_percent,0.4,0.6,10,target1,0.027471643306423654,0.0067317900714839955,99.39577039274926
freq_percent_rm0.4_r10,freq_percent,0.4,0.6,10,target2,0.03744558227262972,0.007746508427847391,99.03323262839879
freq_percent_rm0.4_r10,freq_percent,0.4,0.6,10,target3,0.07679685511696631,0.02202681310154689,97.76435045317221
freq_percent_rm0.4_r10,freq_percent,0.4,0.6,10,target4,0.0737774492760801,0.03497065945223119,95.70996978851963
freq_percent_rm0.4_r10,freq_percent,0.4,0.6,10,target5,0.11062905007181417,0.05717071715120598,94.50151057401813
freq_percent_rm0.4_r10,freq_percent,0.4,0.6,10,target6,0.3433212936456837,0.25838194244960627,81.81268882175226
