run_id,strat,remove_frac,keep_frac,repeat_id,target,initial_mae_ms,adjusted_mae_ms,adjusted_accuracy_pct
freq_percent_rm0.55_r02,freq_percent,0.55,0.44999999999999996,2,all targets,0.12561388343981952,0.06630278682286599,94.53397797475155
freq_percent_rm0.55_r02,freq_percent,0.55,0.44999999999999996,2,target1,0.0368342703530997,0.008251404648991868,99.1941982272361
freq_percent_rm0.55_r02,freq_percent,0.55,0.44999999999999996,2,target2,0.04832022562449638,0.009340590062658794,98.87187751813053
freq_percent_rm0.55_r02,freq_percent,0.55,0.44999999999999996,2,target3,0.09373595681254761,0.023433989203136902,97.74375503626108
freq_percent_rm0.55_r02,freq_percent,0.55,0.44999999999999996,2,target4,0.08063272622994853,0.031916433182300544,96.37389202256244
freq_percent_rm0.55_r02,freq_percent,0.55,0.44999999999999996,2,target5,0.13132935639335455,0.06234761352778256,94.11764705882352
freq_percent_rm0.55_r02,freq_percent,0.55,0.44999999999999996,2,target6,0.36283076522547036,0.26252669031232523,80.90249798549557
