run_id,strat,remove_frac,keep_frac,repeat_id,target,initial_mae_ms,adjusted_mae_ms,adjusted_accuracy_pct
freq_percent_rm0.8_r03,freq_percent,0.8,0.19999999999999996,3,all targets,0.15818810704079883,0.06678256414825375,93.8707729468599
freq_percent_rm0.8_r03,freq_percent,0.8,0.19999999999999996,3,target1,0.055800542488318686,0.007197676358200681,99.27536231884058
freq_percent_rm0.8_r03,freq_percent,0.8,0.19999999999999996,3,target2,0.06878604107270135,0.013356512829650748,98.0072463768116
freq_percent_rm0.8_r03,freq_percent,0.8,0.19999999999999996,3,target3,0.13386193969272195,0.029606936772392494,96.73913043478261
freq_percent_rm0.8_r03,freq_percent,0.8,0.19999999999999996,3,target4,0.10173210605250654,0.030200559564821417,96.19565217391305
freq_percent_rm0.8_r03,freq_percent,0.8,0.19999999999999996,3,target5,0.1937436388789895,0.08273617669478103,91.84782608695652
freq_percent_rm0.8_r03,freq_percent,0.8,0.19999999999999996,3,target6,0.39520437405955494,0.2375975226696761,81.15942028985508
