run_id,strat,remove_frac,keep_frac,repeat_id,target,initial_mae_ms,adjusted_mae_ms,adjusted_accuracy_pct
freq_percent_rm0.8_r02,freq_percent,0.8,0.19999999999999996,2,all targets,0.1683538973611441,0.08311955808155803,93.02536231884058
freq_percent_rm0.8_r02,freq_percent,0.8,0.19999999999999996,2,target1,0.05476170260156807,0.010314196018452524,99.09420289855072
freq_percent_rm0.8_r02,freq_percent,0.8,0.19999999999999996,2,target2,0.06745038978973629,0.011649847301417597,98.91304347826086
freq_percent_rm0.8_r02,freq_percent,0.8,0.19999999999999996,2,target3,0.13378773684366832,0.03198142794210818,96.92028985507247
freq_percent_rm0.8_r02,freq_percent,0.8,0.19999999999999996,2,target4,0.10076746901480954,0.033984904866555796,96.01449275362319
freq_percent_rm0.8_r02,freq_percent,0.8,0.19999999999999996,2,target5,0.1836520514076978,0.07642893452522373,92.93478260869566
freq_percent_rm0.8_r02,freq_percent,0.8,0.19999999999999996,2,target6,0.4697040345093847,0.33435803783559037,74.27536231884058
