run_id,strat,remove_frac,keep_frac,repeat_id,target,initial_mae_ms,adjusted_mae_ms,adjusted_accuracy_pct
freq_percent_rm0.2_r05,freq_percent,0.2,0.8,5,all targets,0.09985114620189281,0.06337629362568017,94.89503096209032
freq_percent_rm0.2_r05,freq_percent,0.2,0.8,5,target1,0.023922702664893866,0.00725661500541001,99.22972360670593
freq_percent_rm0.2_r05,freq_percent,0.2,0.8,5,target2,0.029620351786788686,0.00725661500541001,98.9578613502492
freq_percent_rm0.2_r05,freq_percent,0.2,0.8,5,target3,0.057755974160705756,0.0180394623663901,98.0969642048029
freq_percent_rm0.2_r05,freq_percent,0.2,0.8,5,target4,0.058386984161176186,0.029546115316145104,96.05799728137744
freq_percent_rm0.2_r05,freq_percent,0.2,0.8,5,target5,0.10085024536930433,0.05773741504304486,94.47213411871319
freq_percent_rm0.2_r05,freq_percent,0.2,0.8,5,target6,0.328570619068488,0.26042153901768095,82.55550521069324
