run_id,strat,remove_frac,keep_frac,repeat_id,target,initial_mae_ms,adjusted_mae_ms,adjusted_accuracy_pct
freq_percent_rm0.5_r03,freq_percent,0.5,0.5,3,all targets,0.11993440392314593,0.06504883260618885,94.40415760212714
freq_percent_rm0.5_r03,freq_percent,0.5,0.5,3,target1,0.033593712181552327,0.00825734039475822,99.12980420594634
freq_percent_rm0.5_r03,freq_percent,0.5,0.5,3,target2,0.040276811421914194,0.007069233863138332,99.20232052211747
freq_percent_rm0.5_r03,freq_percent,0.5,0.5,3,target3,0.08940501650439656,0.024920534500727145,97.1718636693256
freq_percent_rm0.5_r03,freq_percent,0.5,0.5,3,target4,0.07868235505652707,0.034187765447362274,95.79405366207396
freq_percent_rm0.5_r03,freq_percent,0.5,0.5,3,target5,0.12549375240235064,0.0657319938618703,93.54604786076868
freq_percent_rm0.5_r03,freq_percent,0.5,0.5,3,target6,0.35215477597213474,0.2501261275692769,81.58085569253082
