run_id,strat,remove_frac,keep_frac,repeat_id,target,initial_mae_ms,adjusted_mae_ms,adjusted_accuracy_pct
freq_percent_rm0.85_r09,freq_percent,0.85,0.15000000000000002,9,all targets,0.1872220329232773,0.08551466115378861,92.6328502415459
freq_percent_rm0.85_r09,freq_percent,0.85,0.15000000000000002,9,target1,0.06371551305403765,0.0037596110187165075,99.51690821256038
freq_percent_rm0.85_r09,freq_percent,0.85,0.15000000000000002,9,target2,0.0823156938834772,0.00860753049021937,98.55072463768117
freq_percent_rm0.85_r09,freq_percent,0.85,0.15000000000000002,9,target3,0.1479110124468731,0.027801334112087857,97.10144927536231
freq_percent_rm0.85_r09,freq_percent,0.85,0.15000000000000002,9,target4,0.12010967833478525,0.03403437343259154,95.16908212560386
freq_percent_rm0.85_r09,freq_percent,0.85,0.15000000000000002,9,target5,0.18976141931311213,0.06519957003510995,93.71980676328504
freq_percent_rm0.85_r09,freq_percent,0.85,0.15000000000000002,9,target6,0.5195188805073784,0.3736855478340065,71.73913043478261
