run_id,strat,remove_frac,keep_frac,repeat_id,target,initial_mae_ms,adjusted_mae_ms,adjusted_accuracy_pct
freq_percent_rm0.8_r04,freq_percent,0.8,0.19999999999999996,4,all targets,0.16437167779526674,0.07167995218579234,93.78019323671496
freq_percent_rm0.8_r04,freq_percent,0.8,0.19999999999999996,4,target1,0.051348371545101766,0.00816231339589768,99.09420289855072
freq_percent_rm0.8_r04,freq_percent,0.8,0.19999999999999996,4,target2,0.07791299150629603,0.01113042735804229,98.55072463768117
freq_percent_rm0.8_r04,freq_percent,0.8,0.19999999999999996,4,target3,0.1398723704660648,0.02292868035756712,97.82608695652173
freq_percent_rm0.8_r04,freq_percent,0.8,0.19999999999999996,4,target4,0.10996862229745784,0.03969852424368417,95.28985507246377
freq_percent_rm0.8_r04,freq_percent,0.8,0.19999999999999996,4,target5,0.18276161721905443,0.06737618694068266,93.47826086956522
freq_percent_rm0.8_r04,freq_percent,0.8,0.19999999999999996,4,target6,0.4243660937376258,0.2807835808188802,78.44202898550725
