run_id,strat,remove_frac,keep_frac,repeat_id,target,initial_mae_ms,adjusted_mae_ms,adjusted_accuracy_pct
freq_percent_rm0.5_r07,freq_percent,0.5,0.5,7,all targets,0.11676611983882622,0.06360330299271799,94.75465313028765
freq_percent_rm0.5_r07,freq_percent,0.5,0.5,7,target1,0.032197687006898956,0.007039531199847835,99.34735315445975
freq_percent_rm0.5_r07,freq_percent,0.5,0.5,7,target2,0.03894019157384182,0.006296964617585405,99.27483683828862
freq_percent_rm0.5_r07,freq_percent,0.5,0.5,7,target3,0.0836426998260401,0.022069078824839414,97.60696156635244
freq_percent_rm0.5_r07,freq_percent,0.5,0.5,7,target4,0.06742504566942863,0.027771990176614875,96.37418419144308
freq_percent_rm0.5_r07,freq_percent,0.5,0.5,7,target5,0.12005816502018965,0.056732086884849646,94.5612762871646
freq_percent_rm0.5_r07,freq_percent,0.5,0.5,7,target6,0.35833292993655813,0.26171016625257076,81.36330674401741
