run_id,strat,remove_frac,keep_frac,repeat_id,target,initial_mae_ms,adjusted_mae_ms,adjusted_accuracy_pct
freq_percent_rm0.95_r09,freq_percent,0.95,0.050000000000000044,9,all targets,0.2269496807472055,0.09567149493519939,91.48681055155875
freq_percent_rm0.95_r09,freq_percent,0.95,0.050000000000000044,9,target1,0.10166324153791721,0.01443912705900853,98.56115107913669
freq_percent_rm0.95_r09,freq_percent,0.95,0.050000000000000044,9,target2,0.10313662185006094,0.010313662185006093,97.84172661870504
freq_percent_rm0.95_r09,freq_percent,0.95,0.050000000000000044,9,target3,0.25106400518929123,0.05156831092503047,94.96402877697841
freq_percent_rm0.95_r09,freq_percent,0.95,0.050000000000000044,9,target4,0.11610236859692574,0.026815521681015846,95.68345323741008
freq_percent_rm0.95_r09,freq_percent,0.95,0.050000000000000044,9,target5,0.27198600562173214,0.10077921335063096,90.64748201438849
freq_percent_rm0.95_r09,freq_percent,0.95,0.050000000000000044,9,target6,0.517745841687306,0.3701131344105044,71.22302158273382
